"Module","Sub-Section","Permission Name","URL/Page (where enforced)","Description / Purpose","Expected Behavior — Has Permission","Expected Behavior — No Permission","How to Test","Frontend","Backend"
"Registration","Create Order / Patient Details","Allow create order","Registration → Create Order (/registration/create)","Registration → Create Order / Patient Details: controls the “Allow create order” capability.","The “Allow create order” control is visible and enabled on this page; the user may perform the action.","The “Allow create order” control is hidden or disabled on this page; the action is not permitted (and is rejected if attempted directly).","Grant “Allow create order” to the target role via Users → Role Permissions (or to the user directly from the branch-admin user list), open this page as that user, and confirm the control is available. Then revoke it and confirm the control disappears / the action is blocked.","Yes","Yes"
"Registration","Create Order / Patient Details","View create order","Registration → Create Order (/registration/create)","Controls visibility of the Create Order screen — the page-access gate for Create Order (distinct from ""Allow create order"", which permits actually submitting/creating an order).","The Create Order screen is visible: the user can open the Create Order page (menu item / route available).","The Create Order screen is not shown: the Create Order menu item/route is hidden and direct navigation to /registration/create is blocked.","Grant ""View create order"" to the target role via Users → Role Permissions (or to the user directly from the branch-admin user list), log in as that user, and confirm the Create Order page/menu is visible. Then revoke it and confirm the page/menu disappears and direct navigation to /registration/create is blocked.","Yes",""
"Registration","Create Order / Patient Details","Create patient","Registration → Create Order (/registration/create)","Registration → Create Order / Patient Details: controls the “Create patient” capability.","The “Create patient” control is visible and enabled on this page; the user may perform the action.","The “Create patient” control is hidden or disabled on this page; the action is not permitted (and is rejected if attempted directly).","Grant “Create patient” to the target role via Users → Role Permissions (or to the user directly from the branch-admin user list), open this page as that user, and confirm the control is available. Then revoke it and confirm the control disappears / the action is blocked.","Yes","Yes"
"Registration","Create Order / Patient Details","Update patient details","Registration → Create Order (/registration/create)","Registration → Create Order / Patient Details: controls the “Update patient details” capability.","The “Update patient details” control is visible and enabled on this page; the user may perform the action.","The “Update patient details” control is hidden or disabled on this page; the action is not permitted (and is rejected if attempted directly).","Grant “Update patient details” to the target role via Users → Role Permissions (or to the user directly from the branch-admin user list), open this page as that user, and confirm the control is available. Then revoke it and confirm the control disappears / the action is blocked.","Yes","Yes"
"Registration","Create Order / Patient Details","View past order","Registration → Create Order (/registration/create)","Registration → Create Order / Patient Details: controls the “View past order” capability.","The “View past order” control is visible and enabled on this page; the user may perform the action.","The “View past order” control is hidden or disabled on this page; the action is not permitted (and is rejected if attempted directly).","Grant “View past order” to the target role via Users → Role Permissions (or to the user directly from the branch-admin user list), open this page as that user, and confirm the control is available. Then revoke it and confirm the control disappears / the action is blocked.","Yes",""
"Registration","Create Order / Patient Details","Convert past orders","Registration → Create Order (/registration/create)","Registration → Create Order / Patient Details: controls the “Convert past orders” capability.","The “Convert past orders” control is visible and enabled on this page; the user may perform the action.","The “Convert past orders” control is hidden or disabled on this page; the action is not permitted (and is rejected if attempted directly).","Grant “Convert past orders” to the target role via Users → Role Permissions (or to the user directly from the branch-admin user list), open this page as that user, and confirm the control is available. Then revoke it and confirm the control disappears / the action is blocked.","",""
"Registration","Create Order / Patient Details","Update patient category","Registration → Create Order (/registration/create)","Registration → Create Order / Patient Details: controls the “Update patient category” capability.","The “Update patient category” control is visible and enabled on this page; the user may perform the action.","The “Update patient category” control is hidden or disabled on this page; the action is not permitted (and is rejected if attempted directly).","Grant “Update patient category” to the target role via Users → Role Permissions (or to the user directly from the branch-admin user list), open this page as that user, and confirm the control is available. Then revoke it and confirm the control disappears / the action is blocked.","Yes",""
"Registration","Create Order / Patient Details","Update privilege card","Registration → Create Order (/registration/create)","Registration → Create Order / Patient Details: controls the “Update privilege card” capability.","The “Update privilege card” control is visible and enabled on this page; the user may perform the action.","The “Update privilege card” control is hidden or disabled on this page; the action is not permitted (and is rejected if attempted directly).","Grant “Update privilege card” to the target role via Users → Role Permissions (or to the user directly from the branch-admin user list), open this page as that user, and confirm the control is available. Then revoke it and confirm the control disappears / the action is blocked.","Yes",""
"Registration","Order Details","Update order ID","Registration → Create Order (/registration/create)","Registration → Order Details: controls the “Update order ID” capability.","The “Update order ID” control is visible and enabled on this page; the user may perform the action.","The “Update order ID” control is hidden or disabled on this page; the action is not permitted (and is rejected if attempted directly).","Grant “Update order ID” to the target role via Users → Role Permissions (or to the user directly from the branch-admin user list), open this page as that user, and confirm the control is available. Then revoke it and confirm the control disappears / the action is blocked.","","Yes"
"Registration","Order Details","Update order date & time","Registration → Create Order (/registration/create)","Registration → Order Details: controls the “Update order date & time” capability.","The “Update order date & time” control is visible and enabled on this page; the user may perform the action.","The “Update order date & time” control is hidden or disabled on this page; the action is not permitted (and is rejected if attempted directly).","Grant “Update order date & time” to the target role via Users → Role Permissions (or to the user directly from the branch-admin user list), open this page as that user, and confirm the control is available. Then revoke it and confirm the control disappears / the action is blocked.","Yes",""
"Registration","Order Details","Update order type","Registration → Create Order (/registration/create)","Registration → Order Details: controls the “Update order type” capability.","The “Update order type” control is visible and enabled on this page; the user may perform the action.","The “Update order type” control is hidden or disabled on this page; the action is not permitted (and is rejected if attempted directly).","Grant “Update order type” to the target role via Users → Role Permissions (or to the user directly from the branch-admin user list), open this page as that user, and confirm the control is available. Then revoke it and confirm the control disappears / the action is blocked.","Yes",""
"Registration","Order Details","Update billing type","Registration → Create Order (/registration/create)","Registration → Order Details: controls the “Update billing type” capability.","The “Update billing type” control is visible and enabled on this page; the user may perform the action.","The “Update billing type” control is hidden or disabled on this page; the action is not permitted (and is rejected if attempted directly).","Grant “Update billing type” to the target role via Users → Role Permissions (or to the user directly from the branch-admin user list), open this page as that user, and confirm the control is available. Then revoke it and confirm the control disappears / the action is blocked.","Yes",""
"Registration","Order Details","Update order notes","Registration → Create Order (/registration/create)","Registration → Order Details: controls the “Update order notes” capability.","The “Update order notes” control is visible and enabled on this page; the user may perform the action.","The “Update order notes” control is hidden or disabled on this page; the action is not permitted (and is rejected if attempted directly).","Grant “Update order notes” to the target role via Users → Role Permissions (or to the user directly from the branch-admin user list), open this page as that user, and confirm the control is available. Then revoke it and confirm the control disappears / the action is blocked.","Yes",""
"Registration","Order Details","Allow zero bill order","Registration → Create Order (/registration/create)","Registration → Order Details: controls the “Allow zero bill order” capability.","The “Allow zero bill order” control is visible and enabled on this page; the user may perform the action.","The “Allow zero bill order” control is hidden or disabled on this page; the action is not permitted (and is rejected if attempted directly).","Grant “Allow zero bill order” to the target role via Users → Role Permissions (or to the user directly from the branch-admin user list), open this page as that user, and confirm the control is available. Then revoke it and confirm the control disappears / the action is blocked.","Yes","Yes"
"Registration","Diagnostic Details","Update sample source","Registration → Create Order (/registration/create) — Diagnostics section","Registration → Diagnostic Details: controls the “Update sample source” capability.","The “Update sample source” control is visible and enabled on this page; the user may perform the action.","The “Update sample source” control is hidden or disabled on this page; the action is not permitted (and is rejected if attempted directly).","Grant “Update sample source” to the target role via Users → Role Permissions (or to the user directly from the branch-admin user list), open this page as that user, and confirm the control is available. Then revoke it and confirm the control disappears / the action is blocked.","Yes",""
"Registration","Diagnostic Details","Update sample collection charges","Registration → Create Order (/registration/create) — Diagnostics section","Registration → Diagnostic Details: controls the “Update sample collection charges” capability.","The “Update sample collection charges” control is visible and enabled on this page; the user may perform the action.","The “Update sample collection charges” control is hidden or disabled on this page; the action is not permitted (and is rejected if attempted directly).","Grant “Update sample collection charges” to the target role via Users → Role Permissions (or to the user directly from the branch-admin user list), open this page as that user, and confirm the control is available. Then revoke it and confirm the control disappears / the action is blocked.","Yes",""
"Registration","Diagnostic Details","Update visit charges","Registration → Create Order (/registration/create) — Diagnostics section","Registration → Diagnostic Details: controls the “Update visit charges” capability.","The “Update visit charges” control is visible and enabled on this page; the user may perform the action.","The “Update visit charges” control is hidden or disabled on this page; the action is not permitted (and is rejected if attempted directly).","Grant “Update visit charges” to the target role via Users → Role Permissions (or to the user directly from the branch-admin user list), open this page as that user, and confirm the control is available. Then revoke it and confirm the control disappears / the action is blocked.","Yes",""
"Registration","Diagnostic Details","Add short phlebotomist name","Registration → Create Order (/registration/create) — Diagnostics section","Registration → Diagnostic Details: controls the “Add short phlebotomist name” capability.","The “Add short phlebotomist name” control is visible and enabled on this page; the user may perform the action.","The “Add short phlebotomist name” control is hidden or disabled on this page; the action is not permitted (and is rejected if attempted directly).","Grant “Add short phlebotomist name” to the target role via Users → Role Permissions (or to the user directly from the branch-admin user list), open this page as that user, and confirm the control is available. Then revoke it and confirm the control disappears / the action is blocked.","Yes",""
"Registration","Diagnostic Details","Update phlebotomist name","Registration → Create Order (/registration/create) — Diagnostics section","Registration → Diagnostic Details: controls the “Update phlebotomist name” capability.","The “Update phlebotomist name” control is visible and enabled on this page; the user may perform the action.","The “Update phlebotomist name” control is hidden or disabled on this page; the action is not permitted (and is rejected if attempted directly).","Grant “Update phlebotomist name” to the target role via Users → Role Permissions (or to the user directly from the branch-admin user list), open this page as that user, and confirm the control is available. Then revoke it and confirm the control disappears / the action is blocked.","Yes",""
"Registration","Diagnostic Details","Update collection date and time","Registration → Create Order (/registration/create) — Diagnostics section","Registration → Diagnostic Details: controls the “Update collection date and time” capability.","The “Update collection date and time” control is visible and enabled on this page; the user may perform the action.","The “Update collection date and time” control is hidden or disabled on this page; the action is not permitted (and is rejected if attempted directly).","Grant “Update collection date and time” to the target role via Users → Role Permissions (or to the user directly from the branch-admin user list), open this page as that user, and confirm the control is available. Then revoke it and confirm the control disappears / the action is blocked.","Yes",""
"Registration","OPD Details","Add short consultant","Registration → Create Order (/registration/create) — OPD section","Registration → OPD Details: controls the “Add short consultant” capability.","The ""Add short consultant"" control is visible and enabled for the user; the action may be performed.","The ""Add short consultant"" control is hidden or disabled; the action is not permitted, and a direct attempt is rejected server-side (403 PERMISSION_DENIED) unless the caller is a business_admin/administrator (who bypass all checks).","Grant ""Add short consultant"" to the target role via Users → Role Permissions (or to the user directly from the branch-admin user list), act as that user, and confirm the control is available and works. Then revoke it and confirm the control disappears / the action is blocked.","Yes",""
"Registration","OPD Details","Update consultant","Registration → Create Order (/registration/create) — OPD section","Registration → OPD Details: controls the “Update consultant” capability.","The ""Update consultant"" control is visible and enabled for the user; the action may be performed.","The ""Update consultant"" control is hidden or disabled; the action is not permitted, and a direct attempt is rejected server-side (403 PERMISSION_DENIED) unless the caller is a business_admin/administrator (who bypass all checks).","Grant ""Update consultant"" to the target role via Users → Role Permissions (or to the user directly from the branch-admin user list), act as that user, and confirm the control is available and works. Then revoke it and confirm the control disappears / the action is blocked.","Yes",""
"Registration","OPD Details","Update consultation type","Registration → Create Order (/registration/create) — OPD section","Registration → OPD Details: controls the “Update consultation type” capability.","The ""Update consultation type"" control is visible and enabled for the user; the action may be performed.","The ""Update consultation type"" control is hidden or disabled; the action is not permitted, and a direct attempt is rejected server-side (403 PERMISSION_DENIED) unless the caller is a business_admin/administrator (who bypass all checks).","Grant ""Update consultation type"" to the target role via Users → Role Permissions (or to the user directly from the branch-admin user list), act as that user, and confirm the control is available and works. Then revoke it and confirm the control disappears / the action is blocked.","Yes",""
"Registration","OPD Details","Update visit type","Registration → Create Order (/registration/create) — OPD section","Registration → OPD Details: controls the “Update visit type” capability.","The ""Update visit type"" control is visible and enabled for the user; the action may be performed.","The ""Update visit type"" control is hidden or disabled; the action is not permitted, and a direct attempt is rejected server-side (403 PERMISSION_DENIED) unless the caller is a business_admin/administrator (who bypass all checks).","Grant ""Update visit type"" to the target role via Users → Role Permissions (or to the user directly from the branch-admin user list), act as that user, and confirm the control is available and works. Then revoke it and confirm the control disappears / the action is blocked.","Yes",""
"Registration","OPD Details","Update appointment date and time","Registration → Create Order (/registration/create) — OPD section","Registration → OPD Details: controls the “Update appointment date and time” capability.","The ""Update appointment date and time"" control is visible and enabled for the user; the action may be performed.","The ""Update appointment date and time"" control is hidden or disabled; the action is not permitted, and a direct attempt is rejected server-side (403 PERMISSION_DENIED) unless the caller is a business_admin/administrator (who bypass all checks).","Grant ""Update appointment date and time"" to the target role via Users → Role Permissions (or to the user directly from the branch-admin user list), act as that user, and confirm the control is available and works. Then revoke it and confirm the control disappears / the action is blocked.","Yes",""
"Registration","Radiology Details","Add short radiologist","Registration → Create Order (/registration/create) — Radiology section","Registration → Radiology Details: controls the “Add short radiologist” capability.","The ""Add short radiologist"" control is visible and enabled for the user; the action may be performed.","The ""Add short radiologist"" control is hidden or disabled; the action is not permitted, and a direct attempt is rejected server-side (403 PERMISSION_DENIED) unless the caller is a business_admin/administrator (who bypass all checks).","Grant ""Add short radiologist"" to the target role via Users → Role Permissions (or to the user directly from the branch-admin user list), act as that user, and confirm the control is available and works. Then revoke it and confirm the control disappears / the action is blocked.","",""
"Registration","Radiology Details","Update radiologist","Registration → Create Order (/registration/create) — Radiology section","Registration → Radiology Details: controls the “Update radiologist” capability.","The ""Update radiologist"" control is visible and enabled for the user; the action may be performed.","The ""Update radiologist"" control is hidden or disabled; the action is not permitted, and a direct attempt is rejected server-side (403 PERMISSION_DENIED) unless the caller is a business_admin/administrator (who bypass all checks).","Grant ""Update radiologist"" to the target role via Users → Role Permissions (or to the user directly from the branch-admin user list), act as that user, and confirm the control is available and works. Then revoke it and confirm the control disappears / the action is blocked.","",""
"Registration","Radiology Details","Add short radiology technician","Registration → Create Order (/registration/create) — Radiology section","Registration → Radiology Details: controls the “Add short radiology technician” capability.","The ""Add short radiology technician"" control is visible and enabled for the user; the action may be performed.","The ""Add short radiology technician"" control is hidden or disabled; the action is not permitted, and a direct attempt is rejected server-side (403 PERMISSION_DENIED) unless the caller is a business_admin/administrator (who bypass all checks).","Grant ""Add short radiology technician"" to the target role via Users → Role Permissions (or to the user directly from the branch-admin user list), act as that user, and confirm the control is available and works. Then revoke it and confirm the control disappears / the action is blocked.","",""
"Registration","Radiology Details","Update radiology technician","Registration → Create Order (/registration/create) — Radiology section","Registration → Radiology Details: controls the “Update radiology technician” capability.","The ""Update radiology technician"" control is visible and enabled for the user; the action may be performed.","The ""Update radiology technician"" control is hidden or disabled; the action is not permitted, and a direct attempt is rejected server-side (403 PERMISSION_DENIED) unless the caller is a business_admin/administrator (who bypass all checks).","Grant ""Update radiology technician"" to the target role via Users → Role Permissions (or to the user directly from the branch-admin user list), act as that user, and confirm the control is available and works. Then revoke it and confirm the control disappears / the action is blocked.","",""
"Registration","Radiology Details","Update appointment date & time","Registration → Create Order (/registration/create) — Radiology section","Registration → Radiology Details: controls the “Update appointment date & time” capability.","The ""Update appointment date & time"" control is visible and enabled for the user; the action may be performed.","The ""Update appointment date & time"" control is hidden or disabled; the action is not permitted, and a direct attempt is rejected server-side (403 PERMISSION_DENIED) unless the caller is a business_admin/administrator (who bypass all checks).","Grant ""Update appointment date & time"" to the target role via Users → Role Permissions (or to the user directly from the branch-admin user list), act as that user, and confirm the control is available and works. Then revoke it and confirm the control disappears / the action is blocked.","Yes",""
"Registration","Payment Details","Allowable order discount (percentage)","Registration → Create Order / Billings (payment section)","Registration → Payment Details: controls the “Allowable order discount (percentage)” capability.","The “Allowable order discount (percentage)” control is visible and enabled on this page; the user may perform the action.","The “Allowable order discount (percentage)” control is hidden or disabled on this page; the action is not permitted (and is rejected if attempted directly).","Grant “Allowable order discount (percentage)” to the target role via Users → Role Permissions (or to the user directly from the branch-admin user list), open this page as that user, and confirm the control is available. Then revoke it and confirm the control disappears / the action is blocked.","Yes","Yes"
"Registration","Payment Details","Deduct from wallet","Registration → Create Order / Billings (payment section)","Registration → Payment Details: controls the “Deduct from wallet” capability.","The “Deduct from wallet” control is visible and enabled on this page; the user may perform the action.","The “Deduct from wallet” control is hidden or disabled on this page; the action is not permitted (and is rejected if attempted directly).","Grant “Deduct from wallet” to the target role via Users → Role Permissions (or to the user directly from the branch-admin user list), open this page as that user, and confirm the control is available. Then revoke it and confirm the control disappears / the action is blocked.","Yes","N/A"
"Registration","Payment Details","Clear previous dues","Registration → Create Order / Billings (payment section)","Registration → Payment Details: controls the “Clear previous dues” capability.","The “Clear previous dues” control is visible and enabled on this page; the user may perform the action.","The “Clear previous dues” control is hidden or disabled on this page; the action is not permitted (and is rejected if attempted directly).","Grant “Clear previous dues” to the target role via Users → Role Permissions (or to the user directly from the branch-admin user list), open this page as that user, and confirm the control is available. Then revoke it and confirm the control disappears / the action is blocked.","Yes",""
"Registration","Payment Details","Deduct from loyalty points","Registration → Create Order / Billings (payment section)","Registration → Payment Details: controls the “Deduct from loyalty points” capability.","The “Deduct from loyalty points” control is visible and enabled on this page; the user may perform the action.","The “Deduct from loyalty points” control is hidden or disabled on this page; the action is not permitted (and is rejected if attempted directly).","Grant “Deduct from loyalty points” to the target role via Users → Role Permissions (or to the user directly from the branch-admin user list), open this page as that user, and confirm the control is available. Then revoke it and confirm the control disappears / the action is blocked.","Yes","N/A"
"Registration","Payment Details","Allow TDS deduction","Registration → Create Order / Billings (payment section)","Registration → Payment Details: controls the “Allow TDS deduction” capability.","The “Allow TDS deduction” control is visible and enabled on this page; the user may perform the action.","The “Allow TDS deduction” control is hidden or disabled on this page; the action is not permitted (and is rejected if attempted directly).","Grant “Allow TDS deduction” to the target role via Users → Role Permissions (or to the user directly from the branch-admin user list), open this page as that user, and confirm the control is available. Then revoke it and confirm the control disappears / the action is blocked.","Yes","Yes"
"Registration","Payment Details","Update TDS deduction","Registration → Create Order / Billings (payment section)","Registration → Payment Details: controls the “Update TDS deduction” capability.","The “Update TDS deduction” control is visible and enabled on this page; the user may perform the action.","The “Update TDS deduction” control is hidden or disabled on this page; the action is not permitted (and is rejected if attempted directly).","Grant “Update TDS deduction” to the target role via Users → Role Permissions (or to the user directly from the branch-admin user list), open this page as that user, and confirm the control is available. Then revoke it and confirm the control disappears / the action is blocked.","",""
"Registration","Payment Details","Update paid amount","Registration → Create Order / Billings (payment section)","Registration → Payment Details: controls the “Update paid amount” capability.","The “Update paid amount” control is visible and enabled on this page; the user may perform the action.","The “Update paid amount” control is hidden or disabled on this page; the action is not permitted (and is rejected if attempted directly).","Grant “Update paid amount” to the target role via Users → Role Permissions (or to the user directly from the branch-admin user list), open this page as that user, and confirm the control is available. Then revoke it and confirm the control disappears / the action is blocked.","Yes","Yes"
"Registration","Payment Details","Update payment mode","Registration → Create Order / Billings (payment section)","Registration → Payment Details: controls the “Update payment mode” capability.","The “Update payment mode” control is visible and enabled on this page; the user may perform the action.","The “Update payment mode” control is hidden or disabled on this page; the action is not permitted (and is rejected if attempted directly).","Grant “Update payment mode” to the target role via Users → Role Permissions (or to the user directly from the branch-admin user list), open this page as that user, and confirm the control is available. Then revoke it and confirm the control disappears / the action is blocked.","Yes",""
"Registration","Payment Details","Update payment notes","Registration → Create Order / Billings (payment section)","Registration → Payment Details: controls the “Update payment notes” capability.","The “Update payment notes” control is visible and enabled on this page; the user may perform the action.","The “Update payment notes” control is hidden or disabled on this page; the action is not permitted (and is rejected if attempted directly).","Grant “Update payment notes” to the target role via Users → Role Permissions (or to the user directly from the branch-admin user list), open this page as that user, and confirm the control is available. Then revoke it and confirm the control disappears / the action is blocked.","Yes",""
"Registration","Payment Details","Update refund amount","Registration → Create Order / Billings (payment section)","Registration → Payment Details: controls the “Update refund amount” capability.","The “Update refund amount” control is visible and enabled on this page; the user may perform the action.","The “Update refund amount” control is hidden or disabled on this page; the action is not permitted (and is rejected if attempted directly).","Grant “Update refund amount” to the target role via Users → Role Permissions (or to the user directly from the branch-admin user list), open this page as that user, and confirm the control is available. Then revoke it and confirm the control disappears / the action is blocked.","Yes","Yes"
"Registration","Payment Details","Update cancelled amount","Registration → Create Order / Billings (payment section)","Registration → Payment Details: controls the “Update cancelled amount” capability.","The “Update cancelled amount” control is visible and enabled on this page; the user may perform the action.","The “Update cancelled amount” control is hidden or disabled on this page; the action is not permitted (and is rejected if attempted directly).","Grant “Update cancelled amount” to the target role via Users → Role Permissions (or to the user directly from the branch-admin user list), open this page as that user, and confirm the control is available. Then revoke it and confirm the control disappears / the action is blocked.","Yes",""
"Registration","Payment Details","Update cancellation charges","Registration → Create Order / Billings (payment section)","Registration → Payment Details: controls the “Update cancellation charges” capability.","The “Update cancellation charges” control is visible and enabled on this page; the user may perform the action.","The “Update cancellation charges” control is hidden or disabled on this page; the action is not permitted (and is rejected if attempted directly).","Grant “Update cancellation charges” to the target role via Users → Role Permissions (or to the user directly from the branch-admin user list), open this page as that user, and confirm the control is available. Then revoke it and confirm the control disappears / the action is blocked.","Yes",""
"Registration","Billings","Cancellation of order with refund","Registration → Billings (/registration/billings)","Registration → Billings: controls the “Cancellation of order with refund” capability.","The “Cancellation of order with refund” control is visible and enabled on this page; the user may perform the action.","The “Cancellation of order with refund” control is hidden or disabled on this page; the action is not permitted (and is rejected if attempted directly).","Grant “Cancellation of order with refund” to the target role via Users → Role Permissions (or to the user directly from the branch-admin user list), open this page as that user, and confirm the control is available. Then revoke it and confirm the control disappears / the action is blocked.","Yes","Yes"
"Registration","Billings","Cancellation of order without refund","Registration → Billings (/registration/billings)","Registration → Billings: controls the “Cancellation of order without refund” capability.","The “Cancellation of order without refund” control is visible and enabled on this page; the user may perform the action.","The “Cancellation of order without refund” control is hidden or disabled on this page; the action is not permitted (and is rejected if attempted directly).","Grant “Cancellation of order without refund” to the target role via Users → Role Permissions (or to the user directly from the branch-admin user list), open this page as that user, and confirm the control is available. Then revoke it and confirm the control disappears / the action is blocked.","Yes","Yes"
"Registration","Billings","Settle payment of other users","Registration → Billings (/registration/billings)","Registration → Billings: controls the “Settle payment of other users” capability.","The “Settle payment of other users” control is visible and enabled on this page; the user may perform the action.","The “Settle payment of other users” control is hidden or disabled on this page; the action is not permitted (and is rejected if attempted directly).","Grant “Settle payment of other users” to the target role via Users → Role Permissions (or to the user directly from the branch-admin user list), open this page as that user, and confirm the control is available. Then revoke it and confirm the control disappears / the action is blocked.","Yes","Yes"
"Registration","Quotations","Create quotation","Registration → Quotations (/registration/quotations)","Registration → Quotations: controls the “Create quotation” capability.","The “Create quotation” control is visible and enabled on this page; the user may perform the action.","The “Create quotation” control is hidden or disabled on this page; the action is not permitted (and is rejected if attempted directly).","Grant “Create quotation” to the target role via Users → Role Permissions (or to the user directly from the branch-admin user list), open this page as that user, and confirm the control is available. Then revoke it and confirm the control disappears / the action is blocked.","Yes","Yes"
"Registration","Quotations","Update quotation","Registration → Quotations (/registration/quotations)","Registration → Quotations: controls the “Update quotation” capability.","The “Update quotation” control is visible and enabled on this page; the user may perform the action.","The “Update quotation” control is hidden or disabled on this page; the action is not permitted (and is rejected if attempted directly).","Grant “Update quotation” to the target role via Users → Role Permissions (or to the user directly from the branch-admin user list), open this page as that user, and confirm the control is available. Then revoke it and confirm the control disappears / the action is blocked.","Yes",""
"Registration","Quotations","Recreate quotation","Registration → Quotations (/registration/quotations)","Registration → Quotations: controls the “Recreate quotation” capability.","The “Recreate quotation” control is visible and enabled on this page; the user may perform the action.","The “Recreate quotation” control is hidden or disabled on this page; the action is not permitted (and is rejected if attempted directly).","Grant “Recreate quotation” to the target role via Users → Role Permissions (or to the user directly from the branch-admin user list), open this page as that user, and confirm the control is available. Then revoke it and confirm the control disappears / the action is blocked.","Yes","Yes"
"Registration","Quotations","Convert quotation","Registration → Quotations (/registration/quotations)","Registration → Quotations: controls the “Convert quotation” capability.","The “Convert quotation” control is visible and enabled on this page; the user may perform the action.","The “Convert quotation” control is hidden or disabled on this page; the action is not permitted (and is rejected if attempted directly).","Grant “Convert quotation” to the target role via Users → Role Permissions (or to the user directly from the branch-admin user list), open this page as that user, and confirm the control is available. Then revoke it and confirm the control disappears / the action is blocked.","Yes","Yes"
"Registration","Appointments","Create appointment","Registration → Appointments (/registration/appointments)","Registration → Appointments: controls the “Create appointment” capability.","The “Create appointment” control is visible and enabled on this page; the user may perform the action.","The “Create appointment” control is hidden or disabled on this page; the action is not permitted (and is rejected if attempted directly).","Grant “Create appointment” to the target role via Users → Role Permissions (or to the user directly from the branch-admin user list), open this page as that user, and confirm the control is available. Then revoke it and confirm the control disappears / the action is blocked.","Yes","Yes"
"Registration","Appointments","Edit the appointment","Registration → Appointments (/registration/appointments)","Registration → Appointments: controls the “Edit the appointment” capability.","The “Edit the appointment” control is visible and enabled on this page; the user may perform the action.","The “Edit the appointment” control is hidden or disabled on this page; the action is not permitted (and is rejected if attempted directly).","Grant “Edit the appointment” to the target role via Users → Role Permissions (or to the user directly from the branch-admin user list), open this page as that user, and confirm the control is available. Then revoke it and confirm the control disappears / the action is blocked.","Yes",""
"Registration","Appointments","Update appointment","Registration → Appointments (/registration/appointments)","Registration → Appointments: controls the “Update appointment” capability.","The “Update appointment” control is visible and enabled on this page; the user may perform the action.","The “Update appointment” control is hidden or disabled on this page; the action is not permitted (and is rejected if attempted directly).","Grant “Update appointment” to the target role via Users → Role Permissions (or to the user directly from the branch-admin user list), open this page as that user, and confirm the control is available. Then revoke it and confirm the control disappears / the action is blocked.","Yes","Yes"
"Registration","Appointments","Confirm the appointment","Registration → Appointments (/registration/appointments)","Registration → Appointments: controls the “Confirm the appointment” capability.","The “Confirm the appointment” control is visible and enabled on this page; the user may perform the action.","The “Confirm the appointment” control is hidden or disabled on this page; the action is not permitted (and is rejected if attempted directly).","Grant “Confirm the appointment” to the target role via Users → Role Permissions (or to the user directly from the branch-admin user list), open this page as that user, and confirm the control is available. Then revoke it and confirm the control disappears / the action is blocked.","Yes","Yes"
"Registration","Appointments","Checked in the appointment","Registration → Appointments (/registration/appointments)","Registration → Appointments: controls the “Checked in the appointment” capability.","The “Checked in the appointment” control is visible and enabled on this page; the user may perform the action.","The “Checked in the appointment” control is hidden or disabled on this page; the action is not permitted (and is rejected if attempted directly).","Grant “Checked in the appointment” to the target role via Users → Role Permissions (or to the user directly from the branch-admin user list), open this page as that user, and confirm the control is available. Then revoke it and confirm the control disappears / the action is blocked.","Yes","Yes"
"Registration","Appointments","Cancel the appointment with refund","Registration → Appointments (/registration/appointments)","Registration → Appointments: controls the “Cancel the appointment with refund” capability.","The “Cancel the appointment with refund” control is visible and enabled on this page; the user may perform the action.","The “Cancel the appointment with refund” control is hidden or disabled on this page; the action is not permitted (and is rejected if attempted directly).","Grant “Cancel the appointment with refund” to the target role via Users → Role Permissions (or to the user directly from the branch-admin user list), open this page as that user, and confirm the control is available. Then revoke it and confirm the control disappears / the action is blocked.","Yes","Yes"
"Registration","Appointments","Cancel the appointment without refund","Registration → Appointments (/registration/appointments)","Registration → Appointments: controls the “Cancel the appointment without refund” capability.","The “Cancel the appointment without refund” control is visible and enabled on this page; the user may perform the action.","The “Cancel the appointment without refund” control is hidden or disabled on this page; the action is not permitted (and is rejected if attempted directly).","Grant “Cancel the appointment without refund” to the target role via Users → Role Permissions (or to the user directly from the branch-admin user list), open this page as that user, and confirm the control is available. Then revoke it and confirm the control disappears / the action is blocked.","Yes","Yes"
"Registration","Appointments","View doctors list","Registration → Appointments (/registration/appointments)","Registration → Appointments: controls the “View doctors list” capability.","The “View doctors list” control is visible and enabled on this page; the user may perform the action.","The “View doctors list” control is hidden or disabled on this page; the action is not permitted (and is rejected if attempted directly).","Grant “View doctors list” to the target role via Users → Role Permissions (or to the user directly from the branch-admin user list), open this page as that user, and confirm the control is available. Then revoke it and confirm the control disappears / the action is blocked.","Yes",""
"Registration","Appointments","View doctors schedule","Registration → Appointments (/registration/appointments)","Registration → Appointments: controls the “View doctors schedule” capability.","The “View doctors schedule” control is visible and enabled on this page; the user may perform the action.","The “View doctors schedule” control is hidden or disabled on this page; the action is not permitted (and is rejected if attempted directly).","Grant “View doctors schedule” to the target role via Users → Role Permissions (or to the user directly from the branch-admin user list), open this page as that user, and confirm the control is available. Then revoke it and confirm the control disappears / the action is blocked.","Yes",""
"Registration","Appointments","Add doctor configuration","Registration → Appointments (/registration/appointments)","Registration → Appointments: controls the “Add doctor configuration” capability.","The “Add doctor configuration” control is visible and enabled on this page; the user may perform the action.","The “Add doctor configuration” control is hidden or disabled on this page; the action is not permitted (and is rejected if attempted directly).","Grant “Add doctor configuration” to the target role via Users → Role Permissions (or to the user directly from the branch-admin user list), open this page as that user, and confirm the control is available. Then revoke it and confirm the control disappears / the action is blocked.","Yes","Yes"
"Registration","Appointments","Update doctor configuration","Registration → Appointments (/registration/appointments)","Registration → Appointments: controls the “Update doctor configuration” capability.","The “Update doctor configuration” control is visible and enabled on this page; the user may perform the action.","The “Update doctor configuration” control is hidden or disabled on this page; the action is not permitted (and is rejected if attempted directly).","Grant “Update doctor configuration” to the target role via Users → Role Permissions (or to the user directly from the branch-admin user list), open this page as that user, and confirm the control is available. Then revoke it and confirm the control disappears / the action is blocked.","Yes","Yes"
"Registration","Appointments","View phlebotomists list","Registration → Appointments (/registration/appointments)","Registration → Appointments: controls the “View phlebotomists list” capability.","The “View phlebotomists list” control is visible and enabled on this page; the user may perform the action.","The “View phlebotomists list” control is hidden or disabled on this page; the action is not permitted (and is rejected if attempted directly).","Grant “View phlebotomists list” to the target role via Users → Role Permissions (or to the user directly from the branch-admin user list), open this page as that user, and confirm the control is available. Then revoke it and confirm the control disappears / the action is blocked.","Yes",""
"Registration","Appointments","View phlebotomists schedule","Registration → Appointments (/registration/appointments)","Registration → Appointments: controls the “View phlebotomists schedule” capability.","The “View phlebotomists schedule” control is visible and enabled on this page; the user may perform the action.","The “View phlebotomists schedule” control is hidden or disabled on this page; the action is not permitted (and is rejected if attempted directly).","Grant “View phlebotomists schedule” to the target role via Users → Role Permissions (or to the user directly from the branch-admin user list), open this page as that user, and confirm the control is available. Then revoke it and confirm the control disappears / the action is blocked.","Yes",""
"Registration","Appointments","Add phlebotomist configuration","Registration → Appointments (/registration/appointments)","Registration → Appointments: controls the “Add phlebotomist configuration” capability.","The “Add phlebotomist configuration” control is visible and enabled on this page; the user may perform the action.","The “Add phlebotomist configuration” control is hidden or disabled on this page; the action is not permitted (and is rejected if attempted directly).","Grant “Add phlebotomist configuration” to the target role via Users → Role Permissions (or to the user directly from the branch-admin user list), open this page as that user, and confirm the control is available. Then revoke it and confirm the control disappears / the action is blocked.","Yes","Yes"
"Registration","Appointments","Update phlebotomist configuration","Registration → Appointments (/registration/appointments)","Registration → Appointments: controls the “Update phlebotomist configuration” capability.","The “Update phlebotomist configuration” control is visible and enabled on this page; the user may perform the action.","The “Update phlebotomist configuration” control is hidden or disabled on this page; the action is not permitted (and is rejected if attempted directly).","Grant “Update phlebotomist configuration” to the target role via Users → Role Permissions (or to the user directly from the branch-admin user list), open this page as that user, and confirm the control is available. Then revoke it and confirm the control disappears / the action is blocked.","Yes","Yes"
"Registration","Order Console","View only","Order Console (/order-console)","Registration → Order Console: controls the “View only” capability.","The “View only” control is visible and enabled on this page; the user may perform the action.","The “View only” control is hidden or disabled on this page; the action is not permitted (and is rejected if attempted directly).","Grant “View only” to the target role via Users → Role Permissions (or to the user directly from the branch-admin user list), open this page as that user, and confirm the control is available. Then revoke it and confirm the control disappears / the action is blocked.","Yes",""
"Registration","Order Console","Update in the order console","Order Console (/order-console)","Registration → Order Console: controls the “Update in the order console” capability.","The “Update in the order console” control is visible and enabled on this page; the user may perform the action.","The “Update in the order console” control is hidden or disabled on this page; the action is not permitted (and is rejected if attempted directly).","Grant “Update in the order console” to the target role via Users → Role Permissions (or to the user directly from the branch-admin user list), open this page as that user, and confirm the control is available. Then revoke it and confirm the control disappears / the action is blocked.","",""
"Registration","Reports","View reports of users","","Registration → Reports: controls the “View reports of users” capability.","The ""View reports of users"" control is visible and enabled for the user; the action may be performed.","The ""View reports of users"" control is hidden or disabled; the action is not permitted, and a direct attempt is rejected server-side (403 PERMISSION_DENIED) unless the caller is a business_admin/administrator (who bypass all checks).","Grant ""View reports of users"" to the target role via Users → Role Permissions (or to the user directly from the branch-admin user list), act as that user, and confirm the control is available and works. Then revoke it and confirm the control disappears / the action is blocked.","",""
"Registration","Reports","View reports of all users","","Registration → Reports: controls the “View reports of all users” capability.","The ""View reports of all users"" control is visible and enabled for the user; the action may be performed.","The ""View reports of all users"" control is hidden or disabled; the action is not permitted, and a direct attempt is rejected server-side (403 PERMISSION_DENIED) unless the caller is a business_admin/administrator (who bypass all checks).","Grant ""View reports of all users"" to the target role via Users → Role Permissions (or to the user directly from the branch-admin user list), act as that user, and confirm the control is available and works. Then revoke it and confirm the control disappears / the action is blocked.","",""
"Registration","Registration Settings","View registration settings","Registration → Settings → Registration Settings (/registration/settings)","Registration → Registration Settings: controls the “View registration settings” capability.","The “View registration settings” control is visible and enabled on this page; the user may perform the action.","The “View registration settings” control is hidden or disabled on this page; the action is not permitted (and is rejected if attempted directly).","Grant “View registration settings” to the target role via Users → Role Permissions (or to the user directly from the branch-admin user list), open this page as that user, and confirm the control is available. Then revoke it and confirm the control disappears / the action is blocked.","","Yes"
"Registration","Registration Settings","Update registration settings","Registration → Settings → Registration Settings (/registration/settings)","Registration → Registration Settings: controls the “Update registration settings” capability.","The “Update registration settings” control is visible and enabled on this page; the user may perform the action.","The “Update registration settings” control is hidden or disabled on this page; the action is not permitted (and is rejected if attempted directly).","Grant “Update registration settings” to the target role via Users → Role Permissions (or to the user directly from the branch-admin user list), open this page as that user, and confirm the control is available. Then revoke it and confirm the control disappears / the action is blocked.","","Yes"
"Registration","Incident Reports","Create incident report","","Registration → Incident Reports: controls the ""Create incident report"" capability.","The ""Create incident report"" control is visible and enabled for the user; the action may be performed.","The ""Create incident report"" control is hidden or disabled; the action is not permitted, and a direct attempt is rejected server-side (403 PERMISSION_DENIED) unless the caller is a business_admin/administrator (who bypass all checks).","Grant ""Create incident report"" to the target role via Users → Role Permissions (or to the user directly from the branch-admin user list), act as that user, and confirm the control is available and works. Then revoke it and confirm the control disappears / the action is blocked.","",""
"Registration","Incident Reports","Update incident report","","Registration → Incident Reports: controls the ""Update incident report"" capability.","The ""Update incident report"" control is visible and enabled for the user; the action may be performed.","The ""Update incident report"" control is hidden or disabled; the action is not permitted, and a direct attempt is rejected server-side (403 PERMISSION_DENIED) unless the caller is a business_admin/administrator (who bypass all checks).","Grant ""Update incident report"" to the target role via Users → Role Permissions (or to the user directly from the branch-admin user list), act as that user, and confirm the control is available and works. Then revoke it and confirm the control disappears / the action is blocked.","",""
"Registration","Incident Reports","Reassign to other user","","Registration → Incident Reports: controls the ""Reassign to other user"" capability.","The ""Reassign to other user"" control is visible and enabled for the user; the action may be performed.","The ""Reassign to other user"" control is hidden or disabled; the action is not permitted, and a direct attempt is rejected server-side (403 PERMISSION_DENIED) unless the caller is a business_admin/administrator (who bypass all checks).","Grant ""Reassign to other user"" to the target role via Users → Role Permissions (or to the user directly from the branch-admin user list), act as that user, and confirm the control is available and works. Then revoke it and confirm the control disappears / the action is blocked.","",""
"Registration","Incident Reports","Delete incident report","","Registration → Incident Reports: controls the ""Delete incident report"" capability.","The ""Delete incident report"" control is visible and enabled for the user; the action may be performed.","The ""Delete incident report"" control is hidden or disabled; the action is not permitted, and a direct attempt is rejected server-side (403 PERMISSION_DENIED) unless the caller is a business_admin/administrator (who bypass all checks).","Grant ""Delete incident report"" to the target role via Users → Role Permissions (or to the user directly from the branch-admin user list), act as that user, and confirm the control is available and works. Then revoke it and confirm the control disappears / the action is blocked.","",""
"Registration","Incident Reports","Update the status","","Registration → Incident Reports: controls the ""Update the status"" capability.","The ""Update the status"" control is visible and enabled for the user; the action may be performed.","The ""Update the status"" control is hidden or disabled; the action is not permitted, and a direct attempt is rejected server-side (403 PERMISSION_DENIED) unless the caller is a business_admin/administrator (who bypass all checks).","Grant ""Update the status"" to the target role via Users → Role Permissions (or to the user directly from the branch-admin user list), act as that user, and confirm the control is available and works. Then revoke it and confirm the control disappears / the action is blocked.","",""
"Registration","Incident Reports","Close the incident","","Registration → Incident Reports: controls the ""Close the incident"" capability.","The ""Close the incident"" control is visible and enabled for the user; the action may be performed.","The ""Close the incident"" control is hidden or disabled; the action is not permitted, and a direct attempt is rejected server-side (403 PERMISSION_DENIED) unless the caller is a business_admin/administrator (who bypass all checks).","Grant ""Close the incident"" to the target role via Users → Role Permissions (or to the user directly from the branch-admin user list), act as that user, and confirm the control is available and works. Then revoke it and confirm the control disappears / the action is blocked.","",""
"Accession","In-House Order","Collect the sample","Accession (/accession)","Accession → In-House Order: controls the “Collect the sample” capability.","The “Collect the sample” control is visible and enabled on this page; the user may perform the action.","The “Collect the sample” control is hidden or disabled on this page; the action is not permitted (and is rejected if attempted directly).","Grant “Collect the sample” to the target role via Users → Role Permissions (or to the user directly from the branch-admin user list), open this page as that user, and confirm the control is available. Then revoke it and confirm the control disappears / the action is blocked.","Yes","Yes"
"Accession","In-House Order","Accept the sample","Accession (/accession)","Accession → In-House Order: controls the “Accept the sample” capability.","The “Accept the sample” control is visible and enabled on this page; the user may perform the action.","The “Accept the sample” control is hidden or disabled on this page; the action is not permitted (and is rejected if attempted directly).","Grant “Accept the sample” to the target role via Users → Role Permissions (or to the user directly from the branch-admin user list), open this page as that user, and confirm the control is available. Then revoke it and confirm the control disappears / the action is blocked.","Yes","Yes"
"Accession","In-House Order","Acquired the sample","Accession (/accession)","Accession → In-House Order: controls the “Acquired the sample” capability.","The “Acquired the sample” control is visible and enabled on this page; the user may perform the action.","The “Acquired the sample” control is hidden or disabled on this page; the action is not permitted (and is rejected if attempted directly).","Grant “Acquired the sample” to the target role via Users → Role Permissions (or to the user directly from the branch-admin user list), open this page as that user, and confirm the control is available. Then revoke it and confirm the control disappears / the action is blocked.","Yes","Yes"
"Accession","In-House Order","Error the sample","Accession (/accession)","Accession → In-House Order: controls the “Error the sample” capability.","The “Error the sample” control is visible and enabled on this page; the user may perform the action.","The “Error the sample” control is hidden or disabled on this page; the action is not permitted (and is rejected if attempted directly).","Grant “Error the sample” to the target role via Users → Role Permissions (or to the user directly from the branch-admin user list), open this page as that user, and confirm the control is available. Then revoke it and confirm the control disappears / the action is blocked.","Yes","Yes"
"Accession","In-House Order","Hold the sample","Accession (/accession)","Accession → In-House Order: controls the “Hold the sample” capability.","The “Hold the sample” control is visible and enabled on this page; the user may perform the action.","The “Hold the sample” control is hidden or disabled on this page; the action is not permitted (and is rejected if attempted directly).","Grant “Hold the sample” to the target role via Users → Role Permissions (or to the user directly from the branch-admin user list), open this page as that user, and confirm the control is available. Then revoke it and confirm the control disappears / the action is blocked.","Yes","Yes"
"Accession","In-House Order","Halt the sample","Accession (/accession)","Accession → In-House Order: controls the “Halt the sample” capability.","The “Halt the sample” control is visible and enabled on this page; the user may perform the action.","The “Halt the sample” control is hidden or disabled on this page; the action is not permitted (and is rejected if attempted directly).","Grant “Halt the sample” to the target role via Users → Role Permissions (or to the user directly from the branch-admin user list), open this page as that user, and confirm the control is available. Then revoke it and confirm the control disappears / the action is blocked.","Yes","Yes"
"Accession","In-House Order","Send the sample","Accession (/accession)","Accession → In-House Order: controls the “Send the sample” capability.","The “Send the sample” control is visible and enabled on this page; the user may perform the action.","The “Send the sample” control is hidden or disabled on this page; the action is not permitted (and is rejected if attempted directly).","Grant “Send the sample” to the target role via Users → Role Permissions (or to the user directly from the branch-admin user list), open this page as that user, and confirm the control is available. Then revoke it and confirm the control disappears / the action is blocked.","Yes","Yes"
"Accession","In-House Order","Assign internal referral center","Accession (/accession)","Accession → In-House Order: controls the “Assign internal referral center” capability.","The “Assign internal referral center” control is visible and enabled on this page; the user may perform the action.","The “Assign internal referral center” control is hidden or disabled on this page; the action is not permitted (and is rejected if attempted directly).","Grant “Assign internal referral center” to the target role via Users → Role Permissions (or to the user directly from the branch-admin user list), open this page as that user, and confirm the control is available. Then revoke it and confirm the control disappears / the action is blocked.","","Yes"
"Accession","In-House Order","Update internal referral center","Accession (/accession)","Accession → In-House Order: controls the “Update internal referral center” capability.","The “Update internal referral center” control is visible and enabled on this page; the user may perform the action.","The “Update internal referral center” control is hidden or disabled on this page; the action is not permitted (and is rejected if attempted directly).","Grant “Update internal referral center” to the target role via Users → Role Permissions (or to the user directly from the branch-admin user list), open this page as that user, and confirm the control is available. Then revoke it and confirm the control disappears / the action is blocked.","Yes","Yes"
"Accession","In-House Order","Forward the sample","Accession (/accession)","Accession → In-House Order: controls the “Forward the sample” capability.","The “Forward the sample” control is visible and enabled on this page; the user may perform the action.","The “Forward the sample” control is hidden or disabled on this page; the action is not permitted (and is rejected if attempted directly).","Grant “Forward the sample” to the target role via Users → Role Permissions (or to the user directly from the branch-admin user list), open this page as that user, and confirm the control is available. Then revoke it and confirm the control disappears / the action is blocked.","Yes","Yes"
"Accession","In-House Order","Assign external referral center","Accession (/accession)","Accession → In-House Order: controls the “Assign external referral center” capability.","The “Assign external referral center” control is visible and enabled on this page; the user may perform the action.","The “Assign external referral center” control is hidden or disabled on this page; the action is not permitted (and is rejected if attempted directly).","Grant “Assign external referral center” to the target role via Users → Role Permissions (or to the user directly from the branch-admin user list), open this page as that user, and confirm the control is available. Then revoke it and confirm the control disappears / the action is blocked.","","Yes"
"Accession","In-House Order","Update the external referral center","Accession (/accession)","Accession → In-House Order: controls the “Update the external referral center” capability.","The “Update the external referral center” control is visible and enabled on this page; the user may perform the action.","The “Update the external referral center” control is hidden or disabled on this page; the action is not permitted (and is rejected if attempted directly).","Grant “Update the external referral center” to the target role via Users → Role Permissions (or to the user directly from the branch-admin user list), open this page as that user, and confirm the control is available. Then revoke it and confirm the control disappears / the action is blocked.","Yes","Yes"
"Accession","In-House Order","Outsource the sample","Accession (/accession)","Accession → In-House Order: controls the “Outsource the sample” capability.","The “Outsource the sample” control is visible and enabled on this page; the user may perform the action.","The “Outsource the sample” control is hidden or disabled on this page; the action is not permitted (and is rejected if attempted directly).","Grant “Outsource the sample” to the target role via Users → Role Permissions (or to the user directly from the branch-admin user list), open this page as that user, and confirm the control is available. Then revoke it and confirm the control disappears / the action is blocked.","Yes","Yes"
"Accession","In-House Order","Assign outsource center","Accession (/accession)","Accession → In-House Order: controls the “Assign outsource center” capability.","The “Assign outsource center” control is visible and enabled on this page; the user may perform the action.","The “Assign outsource center” control is hidden or disabled on this page; the action is not permitted (and is rejected if attempted directly).","Grant “Assign outsource center” to the target role via Users → Role Permissions (or to the user directly from the branch-admin user list), open this page as that user, and confirm the control is available. Then revoke it and confirm the control disappears / the action is blocked.","","Yes"
"Accession","In-House Order","Update outsource center","Accession (/accession)","Accession → In-House Order: controls the “Update outsource center” capability.","The “Update outsource center” control is visible and enabled on this page; the user may perform the action.","The “Update outsource center” control is hidden or disabled on this page; the action is not permitted (and is rejected if attempted directly).","Grant “Update outsource center” to the target role via Users → Role Permissions (or to the user directly from the branch-admin user list), open this page as that user, and confirm the control is available. Then revoke it and confirm the control disappears / the action is blocked.","Yes","Yes"
"Accession","In-House Order","Discard the sample","Accession (/accession)","Accession → In-House Order: controls the “Discard the sample” capability.","The “Discard the sample” control is visible and enabled on this page; the user may perform the action.","The “Discard the sample” control is hidden or disabled on this page; the action is not permitted (and is rejected if attempted directly).","Grant “Discard the sample” to the target role via Users → Role Permissions (or to the user directly from the branch-admin user list), open this page as that user, and confirm the control is available. Then revoke it and confirm the control disappears / the action is blocked.","Yes","Yes"
"Accession","In-House Order","Store sample","Accession (/accession)","Accession → In-House Order: controls the “Store sample” capability.","The “Store sample” control is visible and enabled on this page; the user may perform the action.","The “Store sample” control is hidden or disabled on this page; the action is not permitted (and is rejected if attempted directly).","Grant “Store sample” to the target role via Users → Role Permissions (or to the user directly from the branch-admin user list), open this page as that user, and confirm the control is available. Then revoke it and confirm the control disappears / the action is blocked.","Yes","Yes"
"Accession","In-House Order","Return the sample","Accession (/accession)","Accession → In-House Order: controls the “Return the sample” capability.","The “Return the sample” control is visible and enabled on this page; the user may perform the action.","The “Return the sample” control is hidden or disabled on this page; the action is not permitted (and is rejected if attempted directly).","Grant “Return the sample” to the target role via Users → Role Permissions (or to the user directly from the branch-admin user list), open this page as that user, and confirm the control is available. Then revoke it and confirm the control disappears / the action is blocked.","Yes","Yes"
"Accession","In-House Order","Cancel the sample","Accession (/accession)","Accession → In-House Order: controls the “Cancel the sample” capability.","The “Cancel the sample” control is visible and enabled on this page; the user may perform the action.","The “Cancel the sample” control is hidden or disabled on this page; the action is not permitted (and is rejected if attempted directly).","Grant “Cancel the sample” to the target role via Users → Role Permissions (or to the user directly from the branch-admin user list), open this page as that user, and confirm the control is available. Then revoke it and confirm the control disappears / the action is blocked.","Yes","Yes"
"Accession","In-House Order","Assign barcode","Accession (/accession)","Accession → In-House Order: controls the “Assign barcode” capability.","The “Assign barcode” control is visible and enabled on this page; the user may perform the action.","The “Assign barcode” control is hidden or disabled on this page; the action is not permitted (and is rejected if attempted directly).","Grant “Assign barcode” to the target role via Users → Role Permissions (or to the user directly from the branch-admin user list), open this page as that user, and confirm the control is available. Then revoke it and confirm the control disappears / the action is blocked.","Yes","Yes"
"Accession","In-House Order","Retrieve the action","Accession (/accession)","Accession → In-House Order: controls the “Retrieve the action” capability.","The “Retrieve the action” control is visible and enabled on this page; the user may perform the action.","The “Retrieve the action” control is hidden or disabled on this page; the action is not permitted (and is rejected if attempted directly).","Grant “Retrieve the action” to the target role via Users → Role Permissions (or to the user directly from the branch-admin user list), open this page as that user, and confirm the control is available. Then revoke it and confirm the control disappears / the action is blocked.","Yes","Yes"
"Accession","In-House Order","Update the sample notes","Accession (/accession)","Accession → In-House Order: controls the “Update the sample notes” capability.","The “Update the sample notes” control is visible and enabled on this page; the user may perform the action.","The “Update the sample notes” control is hidden or disabled on this page; the action is not permitted (and is rejected if attempted directly).","Grant “Update the sample notes” to the target role via Users → Role Permissions (or to the user directly from the branch-admin user list), open this page as that user, and confirm the control is available. Then revoke it and confirm the control disappears / the action is blocked.","","Yes"
"Accession","In-House Order","Allow multiple action","Accession (/accession)","Accession → In-House Order: controls the “Allow multiple action” capability.","The “Allow multiple action” control is visible and enabled on this page; the user may perform the action.","The “Allow multiple action” control is hidden or disabled on this page; the action is not permitted (and is rejected if attempted directly).","Grant “Allow multiple action” to the target role via Users → Role Permissions (or to the user directly from the branch-admin user list), open this page as that user, and confirm the control is available. Then revoke it and confirm the control disappears / the action is blocked.","Yes",""
"Accession","Internal Referral Order","Pick up the sample","Accession (/accession) — Internal Referral orders","Accession → Internal Referral Order: controls the “Pick up the sample” capability.","The “Pick up the sample” control is visible and enabled on this page; the user may perform the action.","The “Pick up the sample” control is hidden or disabled on this page; the action is not permitted (and is rejected if attempted directly).","Grant “Pick up the sample” to the target role via Users → Role Permissions (or to the user directly from the branch-admin user list), open this page as that user, and confirm the control is available. Then revoke it and confirm the control disappears / the action is blocked.","Yes","Yes"
"Accession","Internal Referral Order","Receive the sample","Accession (/accession) — Internal Referral orders","Accession → Internal Referral Order: controls the “Receive the sample” capability.","The “Receive the sample” control is visible and enabled on this page; the user may perform the action.","The “Receive the sample” control is hidden or disabled on this page; the action is not permitted (and is rejected if attempted directly).","Grant “Receive the sample” to the target role via Users → Role Permissions (or to the user directly from the branch-admin user list), open this page as that user, and confirm the control is available. Then revoke it and confirm the control disappears / the action is blocked.","Yes","Yes"
"Accession","Internal Referral Order","Accept the sample","Accession (/accession) — Internal Referral orders","Accession → Internal Referral Order: controls the “Accept the sample” capability.","The “Accept the sample” control is visible and enabled on this page; the user may perform the action.","The “Accept the sample” control is hidden or disabled on this page; the action is not permitted (and is rejected if attempted directly).","Grant “Accept the sample” to the target role via Users → Role Permissions (or to the user directly from the branch-admin user list), open this page as that user, and confirm the control is available. Then revoke it and confirm the control disappears / the action is blocked.","Yes","Yes"
"Accession","Internal Referral Order","Reject the sample","Accession (/accession) — Internal Referral orders","Accession → Internal Referral Order: controls the “Reject the sample” capability.","The “Reject the sample” control is visible and enabled on this page; the user may perform the action.","The “Reject the sample” control is hidden or disabled on this page; the action is not permitted (and is rejected if attempted directly).","Grant “Reject the sample” to the target role via Users → Role Permissions (or to the user directly from the branch-admin user list), open this page as that user, and confirm the control is available. Then revoke it and confirm the control disappears / the action is blocked.","Yes","Yes"
"Accession","Internal Referral Order","Repeat the sample","Accession (/accession) — Internal Referral orders","Accession → Internal Referral Order: controls the “Repeat the sample” capability.","The “Repeat the sample” control is visible and enabled on this page; the user may perform the action.","The “Repeat the sample” control is hidden or disabled on this page; the action is not permitted (and is rejected if attempted directly).","Grant “Repeat the sample” to the target role via Users → Role Permissions (or to the user directly from the branch-admin user list), open this page as that user, and confirm the control is available. Then revoke it and confirm the control disappears / the action is blocked.","Yes","Yes"
"Accession","Internal Referral Order","Update sample notes","Accession (/accession) — Internal Referral orders","Accession → Internal Referral Order: controls the “Update sample notes” capability.","The “Update sample notes” control is visible and enabled on this page; the user may perform the action.","The “Update sample notes” control is hidden or disabled on this page; the action is not permitted (and is rejected if attempted directly).","Grant “Update sample notes” to the target role via Users → Role Permissions (or to the user directly from the branch-admin user list), open this page as that user, and confirm the control is available. Then revoke it and confirm the control disappears / the action is blocked.","Yes",""
"Accession","Internal Referral Order","Assign the barcode","Accession (/accession) — Internal Referral orders","Accession → Internal Referral Order: controls the “Assign the barcode” capability.","The “Assign the barcode” control is visible and enabled on this page; the user may perform the action.","The “Assign the barcode” control is hidden or disabled on this page; the action is not permitted (and is rejected if attempted directly).","Grant “Assign the barcode” to the target role via Users → Role Permissions (or to the user directly from the branch-admin user list), open this page as that user, and confirm the control is available. Then revoke it and confirm the control disappears / the action is blocked.","",""
"Accession","Internal Referral Order","Allow multiple action","Accession (/accession) — Internal Referral orders","Accession → Internal Referral Order: controls the “Allow multiple action” capability.","The “Allow multiple action” control is visible and enabled on this page; the user may perform the action.","The “Allow multiple action” control is hidden or disabled on this page; the action is not permitted (and is rejected if attempted directly).","Grant “Allow multiple action” to the target role via Users → Role Permissions (or to the user directly from the branch-admin user list), open this page as that user, and confirm the control is available. Then revoke it and confirm the control disappears / the action is blocked.","",""
"Accession","External Referral Order","Pick up the sample","Accession (/accession) — External Referral orders","Accession → External Referral Order: controls the “Pick up the sample” capability.","The “Pick up the sample” control is visible and enabled on this page; the user may perform the action.","The “Pick up the sample” control is hidden or disabled on this page; the action is not permitted (and is rejected if attempted directly).","Grant “Pick up the sample” to the target role via Users → Role Permissions (or to the user directly from the branch-admin user list), open this page as that user, and confirm the control is available. Then revoke it and confirm the control disappears / the action is blocked.","Yes","Yes"
"Accession","External Referral Order","Receive the sample","Accession (/accession) — External Referral orders","Accession → External Referral Order: controls the “Receive the sample” capability.","The “Receive the sample” control is visible and enabled on this page; the user may perform the action.","The “Receive the sample” control is hidden or disabled on this page; the action is not permitted (and is rejected if attempted directly).","Grant “Receive the sample” to the target role via Users → Role Permissions (or to the user directly from the branch-admin user list), open this page as that user, and confirm the control is available. Then revoke it and confirm the control disappears / the action is blocked.","Yes","Yes"
"Accession","External Referral Order","Accept the sample","Accession (/accession) — External Referral orders","Accession → External Referral Order: controls the “Accept the sample” capability.","The “Accept the sample” control is visible and enabled on this page; the user may perform the action.","The “Accept the sample” control is hidden or disabled on this page; the action is not permitted (and is rejected if attempted directly).","Grant “Accept the sample” to the target role via Users → Role Permissions (or to the user directly from the branch-admin user list), open this page as that user, and confirm the control is available. Then revoke it and confirm the control disappears / the action is blocked.","Yes","Yes"
"Accession","External Referral Order","Reject the sample","Accession (/accession) — External Referral orders","Accession → External Referral Order: controls the “Reject the sample” capability.","The “Reject the sample” control is visible and enabled on this page; the user may perform the action.","The “Reject the sample” control is hidden or disabled on this page; the action is not permitted (and is rejected if attempted directly).","Grant “Reject the sample” to the target role via Users → Role Permissions (or to the user directly from the branch-admin user list), open this page as that user, and confirm the control is available. Then revoke it and confirm the control disappears / the action is blocked.","Yes","Yes"
"Accession","External Referral Order","Repeat the sample","Accession (/accession) — External Referral orders","Accession → External Referral Order: controls the “Repeat the sample” capability.","The “Repeat the sample” control is visible and enabled on this page; the user may perform the action.","The “Repeat the sample” control is hidden or disabled on this page; the action is not permitted (and is rejected if attempted directly).","Grant “Repeat the sample” to the target role via Users → Role Permissions (or to the user directly from the branch-admin user list), open this page as that user, and confirm the control is available. Then revoke it and confirm the control disappears / the action is blocked.","Yes","Yes"
"Accession","External Referral Order","Update sample notes","Accession (/accession) — External Referral orders","Accession → External Referral Order: controls the “Update sample notes” capability.","The “Update sample notes” control is visible and enabled on this page; the user may perform the action.","The “Update sample notes” control is hidden or disabled on this page; the action is not permitted (and is rejected if attempted directly).","Grant “Update sample notes” to the target role via Users → Role Permissions (or to the user directly from the branch-admin user list), open this page as that user, and confirm the control is available. Then revoke it and confirm the control disappears / the action is blocked.","Yes",""
"Accession","External Referral Order","Assign the barcode","Accession (/accession) — External Referral orders","Accession → External Referral Order: controls the “Assign the barcode” capability.","The “Assign the barcode” control is visible and enabled on this page; the user may perform the action.","The “Assign the barcode” control is hidden or disabled on this page; the action is not permitted (and is rejected if attempted directly).","Grant “Assign the barcode” to the target role via Users → Role Permissions (or to the user directly from the branch-admin user list), open this page as that user, and confirm the control is available. Then revoke it and confirm the control disappears / the action is blocked.","",""
"Accession","External Referral Order","Allow multiple action","Accession (/accession) — External Referral orders","Accession → External Referral Order: controls the “Allow multiple action” capability.","The “Allow multiple action” control is visible and enabled on this page; the user may perform the action.","The “Allow multiple action” control is hidden or disabled on this page; the action is not permitted (and is rejected if attempted directly).","Grant “Allow multiple action” to the target role via Users → Role Permissions (or to the user directly from the branch-admin user list), open this page as that user, and confirm the control is available. Then revoke it and confirm the control disappears / the action is blocked.","",""
"Accession","Outsource Orders","Pick up the sample","Accession (/accession) — Outsource orders","Accession → Outsource Orders: controls the “Pick up the sample” capability.","The “Pick up the sample” control is visible and enabled on this page; the user may perform the action.","The “Pick up the sample” control is hidden or disabled on this page; the action is not permitted (and is rejected if attempted directly).","Grant “Pick up the sample” to the target role via Users → Role Permissions (or to the user directly from the branch-admin user list), open this page as that user, and confirm the control is available. Then revoke it and confirm the control disappears / the action is blocked.","Yes","Yes"
"Accession","Outsource Orders","Receive the sample","Accession (/accession) — Outsource orders","Accession → Outsource Orders: controls the “Receive the sample” capability.","The “Receive the sample” control is visible and enabled on this page; the user may perform the action.","The “Receive the sample” control is hidden or disabled on this page; the action is not permitted (and is rejected if attempted directly).","Grant “Receive the sample” to the target role via Users → Role Permissions (or to the user directly from the branch-admin user list), open this page as that user, and confirm the control is available. Then revoke it and confirm the control disappears / the action is blocked.","Yes","Yes"
"Accession","Outsource Orders","Accept the sample","Accession (/accession) — Outsource orders","Accession → Outsource Orders: controls the “Accept the sample” capability.","The “Accept the sample” control is visible and enabled on this page; the user may perform the action.","The “Accept the sample” control is hidden or disabled on this page; the action is not permitted (and is rejected if attempted directly).","Grant “Accept the sample” to the target role via Users → Role Permissions (or to the user directly from the branch-admin user list), open this page as that user, and confirm the control is available. Then revoke it and confirm the control disappears / the action is blocked.","Yes","Yes"
"Accession","Outsource Orders","Reject the sample","Accession (/accession) — Outsource orders","Accession → Outsource Orders: controls the “Reject the sample” capability.","The “Reject the sample” control is visible and enabled on this page; the user may perform the action.","The “Reject the sample” control is hidden or disabled on this page; the action is not permitted (and is rejected if attempted directly).","Grant “Reject the sample” to the target role via Users → Role Permissions (or to the user directly from the branch-admin user list), open this page as that user, and confirm the control is available. Then revoke it and confirm the control disappears / the action is blocked.","Yes","Yes"
"Accession","Outsource Orders","Repeat the sample","Accession (/accession) — Outsource orders","Accession → Outsource Orders: controls the “Repeat the sample” capability.","The “Repeat the sample” control is visible and enabled on this page; the user may perform the action.","The “Repeat the sample” control is hidden or disabled on this page; the action is not permitted (and is rejected if attempted directly).","Grant “Repeat the sample” to the target role via Users → Role Permissions (or to the user directly from the branch-admin user list), open this page as that user, and confirm the control is available. Then revoke it and confirm the control disappears / the action is blocked.","Yes","Yes"
"Accession","Outsource Orders","Update sample notes","Accession (/accession) — Outsource orders","Accession → Outsource Orders: controls the “Update sample notes” capability.","The “Update sample notes” control is visible and enabled on this page; the user may perform the action.","The “Update sample notes” control is hidden or disabled on this page; the action is not permitted (and is rejected if attempted directly).","Grant “Update sample notes” to the target role via Users → Role Permissions (or to the user directly from the branch-admin user list), open this page as that user, and confirm the control is available. Then revoke it and confirm the control disappears / the action is blocked.","Yes",""
"Accession","Outsource Orders","Assign the barcode","Accession (/accession) — Outsource orders","Accession → Outsource Orders: controls the “Assign the barcode” capability.","The “Assign the barcode” control is visible and enabled on this page; the user may perform the action.","The “Assign the barcode” control is hidden or disabled on this page; the action is not permitted (and is rejected if attempted directly).","Grant “Assign the barcode” to the target role via Users → Role Permissions (or to the user directly from the branch-admin user list), open this page as that user, and confirm the control is available. Then revoke it and confirm the control disappears / the action is blocked.","",""
"Accession","Outsource Orders","Allow multiple action","Accession (/accession) — Outsource orders","Accession → Outsource Orders: controls the “Allow multiple action” capability.","The “Allow multiple action” control is visible and enabled on this page; the user may perform the action.","The “Allow multiple action” control is hidden or disabled on this page; the action is not permitted (and is rejected if attempted directly).","Grant “Allow multiple action” to the target role via Users → Role Permissions (or to the user directly from the branch-admin user list), open this page as that user, and confirm the control is available. Then revoke it and confirm the control disappears / the action is blocked.","",""
"Accession","Order Console","View only","Order Console (/order-console)","Accession → Order Console: controls the “View only” capability.","The “View only” control is visible and enabled on this page; the user may perform the action.","The “View only” control is hidden or disabled on this page; the action is not permitted (and is rejected if attempted directly).","Grant “View only” to the target role via Users → Role Permissions (or to the user directly from the branch-admin user list), open this page as that user, and confirm the control is available. Then revoke it and confirm the control disappears / the action is blocked.","Yes",""
"Accession","Order Console","Update in the order console","Order Console (/order-console)","Accession → Order Console: controls the “Update in the order console” capability.","The “Update in the order console” control is visible and enabled on this page; the user may perform the action.","The “Update in the order console” control is hidden or disabled on this page; the action is not permitted (and is rejected if attempted directly).","Grant “Update in the order console” to the target role via Users → Role Permissions (or to the user directly from the branch-admin user list), open this page as that user, and confirm the control is available. Then revoke it and confirm the control disappears / the action is blocked.","",""
"Accession","Reports","View reports of users","Accession → Reports","Accession → Reports: controls the “View reports of users” capability.","The “View reports of users” control is visible and enabled on this page; the user may perform the action.","The “View reports of users” control is hidden or disabled on this page; the action is not permitted (and is rejected if attempted directly).","Grant “View reports of users” to the target role via Users → Role Permissions (or to the user directly from the branch-admin user list), open this page as that user, and confirm the control is available. Then revoke it and confirm the control disappears / the action is blocked.","","Yes"
"Accession","Reports","View reports of all users","Accession → Reports","Accession → Reports: controls the “View reports of all users” capability.","The “View reports of all users” control is visible and enabled on this page; the user may perform the action.","The “View reports of all users” control is hidden or disabled on this page; the action is not permitted (and is rejected if attempted directly).","Grant “View reports of all users” to the target role via Users → Role Permissions (or to the user directly from the branch-admin user list), open this page as that user, and confirm the control is available. Then revoke it and confirm the control disappears / the action is blocked.","","Yes"
"Accession","Accession Settings","View accession settings","Accession → Settings","Accession → Accession Settings: controls the “View accession settings” capability.","The “View accession settings” control is visible and enabled on this page; the user may perform the action.","The “View accession settings” control is hidden or disabled on this page; the action is not permitted (and is rejected if attempted directly).","Grant “View accession settings” to the target role via Users → Role Permissions (or to the user directly from the branch-admin user list), open this page as that user, and confirm the control is available. Then revoke it and confirm the control disappears / the action is blocked.","","Yes"
"Accession","Accession Settings","Update accession settings","Accession → Settings","Accession → Accession Settings: controls the “Update accession settings” capability.","The “Update accession settings” control is visible and enabled on this page; the user may perform the action.","The “Update accession settings” control is hidden or disabled on this page; the action is not permitted (and is rejected if attempted directly).","Grant “Update accession settings” to the target role via Users → Role Permissions (or to the user directly from the branch-admin user list), open this page as that user, and confirm the control is available. Then revoke it and confirm the control disappears / the action is blocked.","Yes","Yes"
"Accession","Incident Reports","Create incident report","","Accession → Incident Reports: controls the ""Create incident report"" capability.","The ""Create incident report"" control is visible and enabled for the user; the action may be performed.","The ""Create incident report"" control is hidden or disabled; the action is not permitted, and a direct attempt is rejected server-side (403 PERMISSION_DENIED) unless the caller is a business_admin/administrator (who bypass all checks).","Grant ""Create incident report"" to the target role via Users → Role Permissions (or to the user directly from the branch-admin user list), act as that user, and confirm the control is available and works. Then revoke it and confirm the control disappears / the action is blocked.","",""
"Accession","Incident Reports","Update incident report","","Accession → Incident Reports: controls the ""Update incident report"" capability.","The ""Update incident report"" control is visible and enabled for the user; the action may be performed.","The ""Update incident report"" control is hidden or disabled; the action is not permitted, and a direct attempt is rejected server-side (403 PERMISSION_DENIED) unless the caller is a business_admin/administrator (who bypass all checks).","Grant ""Update incident report"" to the target role via Users → Role Permissions (or to the user directly from the branch-admin user list), act as that user, and confirm the control is available and works. Then revoke it and confirm the control disappears / the action is blocked.","",""
"Accession","Incident Reports","Reassign to other user","","Accession → Incident Reports: controls the ""Reassign to other user"" capability.","The ""Reassign to other user"" control is visible and enabled for the user; the action may be performed.","The ""Reassign to other user"" control is hidden or disabled; the action is not permitted, and a direct attempt is rejected server-side (403 PERMISSION_DENIED) unless the caller is a business_admin/administrator (who bypass all checks).","Grant ""Reassign to other user"" to the target role via Users → Role Permissions (or to the user directly from the branch-admin user list), act as that user, and confirm the control is available and works. Then revoke it and confirm the control disappears / the action is blocked.","",""
"Accession","Incident Reports","Delete incident report","","Accession → Incident Reports: controls the ""Delete incident report"" capability.","The ""Delete incident report"" control is visible and enabled for the user; the action may be performed.","The ""Delete incident report"" control is hidden or disabled; the action is not permitted, and a direct attempt is rejected server-side (403 PERMISSION_DENIED) unless the caller is a business_admin/administrator (who bypass all checks).","Grant ""Delete incident report"" to the target role via Users → Role Permissions (or to the user directly from the branch-admin user list), act as that user, and confirm the control is available and works. Then revoke it and confirm the control disappears / the action is blocked.","",""
"Accession","Incident Reports","Update the status","","Accession → Incident Reports: controls the ""Update the status"" capability.","The ""Update the status"" control is visible and enabled for the user; the action may be performed.","The ""Update the status"" control is hidden or disabled; the action is not permitted, and a direct attempt is rejected server-side (403 PERMISSION_DENIED) unless the caller is a business_admin/administrator (who bypass all checks).","Grant ""Update the status"" to the target role via Users → Role Permissions (or to the user directly from the branch-admin user list), act as that user, and confirm the control is available and works. Then revoke it and confirm the control disappears / the action is blocked.","",""
"Accession","Incident Reports","Close the incident","","Accession → Incident Reports: controls the ""Close the incident"" capability.","The ""Close the incident"" control is visible and enabled for the user; the action may be performed.","The ""Close the incident"" control is hidden or disabled; the action is not permitted, and a direct attempt is rejected server-side (403 PERMISSION_DENIED) unless the caller is a business_admin/administrator (who bypass all checks).","Grant ""Close the incident"" to the target role via Users → Role Permissions (or to the user directly from the branch-admin user list), act as that user, and confirm the control is available and works. Then revoke it and confirm the control disappears / the action is blocked.","",""
"Laboratory","Reporting","Access to pending","Laboratory / Technician (/technician) — Reporting","Laboratory → Reporting: controls the “Access to pending” capability.","The ""Access to pending"" control is visible and enabled for the user; the action may be performed.","The ""Access to pending"" control is hidden or disabled; the action is not permitted, and a direct attempt is rejected server-side (403 PERMISSION_DENIED) unless the caller is a business_admin/administrator (who bypass all checks).","Grant ""Access to pending"" to the target role via Users → Role Permissions (or to the user directly from the branch-admin user list), act as that user, and confirm the control is available and works. Then revoke it and confirm the control disappears / the action is blocked.","Yes",""
"Laboratory","Reporting","Access to partial pending","Laboratory / Technician (/technician) — Reporting","Laboratory → Reporting: controls the “Access to partial pending” capability.","The ""Access to partial pending"" control is visible and enabled for the user; the action may be performed.","The ""Access to partial pending"" control is hidden or disabled; the action is not permitted, and a direct attempt is rejected server-side (403 PERMISSION_DENIED) unless the caller is a business_admin/administrator (who bypass all checks).","Grant ""Access to partial pending"" to the target role via Users → Role Permissions (or to the user directly from the branch-admin user list), act as that user, and confirm the control is available and works. Then revoke it and confirm the control disappears / the action is blocked.","Yes",""
"Laboratory","Reporting","Access to saved","Laboratory / Technician (/technician) — Reporting","Laboratory → Reporting: controls the “Access to saved” capability.","The ""Access to saved"" control is visible and enabled for the user; the action may be performed.","The ""Access to saved"" control is hidden or disabled; the action is not permitted, and a direct attempt is rejected server-side (403 PERMISSION_DENIED) unless the caller is a business_admin/administrator (who bypass all checks).","Grant ""Access to saved"" to the target role via Users → Role Permissions (or to the user directly from the branch-admin user list), act as that user, and confirm the control is available and works. Then revoke it and confirm the control disappears / the action is blocked.","Yes",""
"Laboratory","Reporting","Access to validation pending","Laboratory / Technician (/technician) — Reporting","Laboratory → Reporting: controls the “Access to validation pending” capability.","The ""Access to validation pending"" control is visible and enabled for the user; the action may be performed.","The ""Access to validation pending"" control is hidden or disabled; the action is not permitted, and a direct attempt is rejected server-side (403 PERMISSION_DENIED) unless the caller is a business_admin/administrator (who bypass all checks).","Grant ""Access to validation pending"" to the target role via Users → Role Permissions (or to the user directly from the branch-admin user list), act as that user, and confirm the control is available and works. Then revoke it and confirm the control disappears / the action is blocked.","Yes","Yes"
"Laboratory","Reporting","Access to result done","Laboratory / Technician (/technician) — Reporting","Laboratory → Reporting: controls the “Access to result done” capability.","The ""Access to result done"" control is visible and enabled for the user; the action may be performed.","The ""Access to result done"" control is hidden or disabled; the action is not permitted, and a direct attempt is rejected server-side (403 PERMISSION_DENIED) unless the caller is a business_admin/administrator (who bypass all checks).","Grant ""Access to result done"" to the target role via Users → Role Permissions (or to the user directly from the branch-admin user list), act as that user, and confirm the control is available and works. Then revoke it and confirm the control disappears / the action is blocked.","Yes","Yes"
"Laboratory","Reporting","Access to approved","Laboratory / Technician (/technician) — Reporting","Laboratory → Reporting: controls the “Access to approved” capability.","The ""Access to approved"" control is visible and enabled for the user; the action may be performed.","The ""Access to approved"" control is hidden or disabled; the action is not permitted, and a direct attempt is rejected server-side (403 PERMISSION_DENIED) unless the caller is a business_admin/administrator (who bypass all checks).","Grant ""Access to approved"" to the target role via Users → Role Permissions (or to the user directly from the branch-admin user list), act as that user, and confirm the control is available and works. Then revoke it and confirm the control disappears / the action is blocked.","Yes","Yes"
"Laboratory","Reporting","Access to published","Laboratory / Technician (/technician) — Reporting","Laboratory → Reporting: controls the “Access to published” capability.","The ""Access to published"" control is visible and enabled for the user; the action may be performed.","The ""Access to published"" control is hidden or disabled; the action is not permitted, and a direct attempt is rejected server-side (403 PERMISSION_DENIED) unless the caller is a business_admin/administrator (who bypass all checks).","Grant ""Access to published"" to the target role via Users → Role Permissions (or to the user directly from the branch-admin user list), act as that user, and confirm the control is available and works. Then revoke it and confirm the control disappears / the action is blocked.","Yes",""
"Laboratory","Reporting","Edit report","Laboratory / Technician (/technician) — Reporting","Laboratory → Reporting: controls the “Edit report” capability.","The ""Edit report"" control is visible and enabled for the user; the action may be performed.","The ""Edit report"" control is hidden or disabled; the action is not permitted, and a direct attempt is rejected server-side (403 PERMISSION_DENIED) unless the caller is a business_admin/administrator (who bypass all checks).","Grant ""Edit report"" to the target role via Users → Role Permissions (or to the user directly from the branch-admin user list), act as that user, and confirm the control is available and works. Then revoke it and confirm the control disappears / the action is blocked.","Yes","Yes"
"Laboratory","Reporting","Mark as error reported","Laboratory / Technician (/technician) — Reporting","Laboratory → Reporting: controls the “Mark as error reported” capability.","The ""Mark as error reported"" control is visible and enabled for the user; the action may be performed.","The ""Mark as error reported"" control is hidden or disabled; the action is not permitted, and a direct attempt is rejected server-side (403 PERMISSION_DENIED) unless the caller is a business_admin/administrator (who bypass all checks).","Grant ""Mark as error reported"" to the target role via Users → Role Permissions (or to the user directly from the branch-admin user list), act as that user, and confirm the control is available and works. Then revoke it and confirm the control disappears / the action is blocked.","Yes","Yes"
"Laboratory","Reporting","Access to error reported","Laboratory / Technician (/technician) — Reporting","Laboratory → Reporting: controls the “Access to error reported” capability.","The ""Access to error reported"" control is visible and enabled for the user; the action may be performed.","The ""Access to error reported"" control is hidden or disabled; the action is not permitted, and a direct attempt is rejected server-side (403 PERMISSION_DENIED) unless the caller is a business_admin/administrator (who bypass all checks).","Grant ""Access to error reported"" to the target role via Users → Role Permissions (or to the user directly from the branch-admin user list), act as that user, and confirm the control is available and works. Then revoke it and confirm the control disappears / the action is blocked.","Yes","Yes"
"Laboratory","Reporting","Mark as result rejected","Laboratory / Technician (/technician) — Reporting","Laboratory → Reporting: controls the “Mark as result rejected” capability.","The ""Mark as result rejected"" control is visible and enabled for the user; the action may be performed.","The ""Mark as result rejected"" control is hidden or disabled; the action is not permitted, and a direct attempt is rejected server-side (403 PERMISSION_DENIED) unless the caller is a business_admin/administrator (who bypass all checks).","Grant ""Mark as result rejected"" to the target role via Users → Role Permissions (or to the user directly from the branch-admin user list), act as that user, and confirm the control is available and works. Then revoke it and confirm the control disappears / the action is blocked.","Yes","Yes"
"Laboratory","Reporting","Access to result rejected","Laboratory / Technician (/technician) — Reporting","Laboratory → Reporting: controls the “Access to result rejected” capability.","The ""Access to result rejected"" control is visible and enabled for the user; the action may be performed.","The ""Access to result rejected"" control is hidden or disabled; the action is not permitted, and a direct attempt is rejected server-side (403 PERMISSION_DENIED) unless the caller is a business_admin/administrator (who bypass all checks).","Grant ""Access to result rejected"" to the target role via Users → Role Permissions (or to the user directly from the branch-admin user list), act as that user, and confirm the control is available and works. Then revoke it and confirm the control disappears / the action is blocked.","Yes","Yes"
"Laboratory","Reporting","Mark as lock test","Laboratory / Technician (/technician) — Reporting","Laboratory → Reporting: controls the “Mark as lock test” capability.","The ""Mark as lock test"" control is visible and enabled for the user; the action may be performed.","The ""Mark as lock test"" control is hidden or disabled; the action is not permitted, and a direct attempt is rejected server-side (403 PERMISSION_DENIED) unless the caller is a business_admin/administrator (who bypass all checks).","Grant ""Mark as lock test"" to the target role via Users → Role Permissions (or to the user directly from the branch-admin user list), act as that user, and confirm the control is available and works. Then revoke it and confirm the control disappears / the action is blocked.","Yes","Yes"
"Laboratory","Reporting","Mark as delta check","Laboratory / Technician (/technician) — Reporting","Laboratory → Reporting: controls the “Mark as delta check” capability.","The ""Mark as delta check"" control is visible and enabled for the user; the action may be performed.","The ""Mark as delta check"" control is hidden or disabled; the action is not permitted, and a direct attempt is rejected server-side (403 PERMISSION_DENIED) unless the caller is a business_admin/administrator (who bypass all checks).","Grant ""Mark as delta check"" to the target role via Users → Role Permissions (or to the user directly from the branch-admin user list), act as that user, and confirm the control is available and works. Then revoke it and confirm the control disappears / the action is blocked.","Yes","Yes"
"Laboratory","Reporting","Access to delta check list","Laboratory / Technician (/technician) — Reporting","Laboratory → Reporting: controls the “Access to delta check list” capability.","The ""Access to delta check list"" control is visible and enabled for the user; the action may be performed.","The ""Access to delta check list"" control is hidden or disabled; the action is not permitted, and a direct attempt is rejected server-side (403 PERMISSION_DENIED) unless the caller is a business_admin/administrator (who bypass all checks).","Grant ""Access to delta check list"" to the target role via Users → Role Permissions (or to the user directly from the branch-admin user list), act as that user, and confirm the control is available and works. Then revoke it and confirm the control disappears / the action is blocked.","","Yes"
"Laboratory","Reporting","Update delta check tests","Laboratory / Technician (/technician) — Reporting","Laboratory → Reporting: controls the “Update delta check tests” capability.","The ""Update delta check tests"" control is visible and enabled for the user; the action may be performed.","The ""Update delta check tests"" control is hidden or disabled; the action is not permitted, and a direct attempt is rejected server-side (403 PERMISSION_DENIED) unless the caller is a business_admin/administrator (who bypass all checks).","Grant ""Update delta check tests"" to the target role via Users → Role Permissions (or to the user directly from the branch-admin user list), act as that user, and confirm the control is available and works. Then revoke it and confirm the control disappears / the action is blocked.","Yes","Yes"
"Laboratory","Reporting","Mark as critical alert","Laboratory / Technician (/technician) — Reporting","Laboratory → Reporting: controls the “Mark as critical alert” capability.","The ""Mark as critical alert"" control is visible and enabled for the user; the action may be performed.","The ""Mark as critical alert"" control is hidden or disabled; the action is not permitted, and a direct attempt is rejected server-side (403 PERMISSION_DENIED) unless the caller is a business_admin/administrator (who bypass all checks).","Grant ""Mark as critical alert"" to the target role via Users → Role Permissions (or to the user directly from the branch-admin user list), act as that user, and confirm the control is available and works. Then revoke it and confirm the control disappears / the action is blocked.","Yes","Yes"
"Laboratory","Reporting","Access to critical alerts list","Laboratory / Technician (/technician) — Reporting","Laboratory → Reporting: controls the “Access to critical alerts list” capability.","The ""Access to critical alerts list"" control is visible and enabled for the user; the action may be performed.","The ""Access to critical alerts list"" control is hidden or disabled; the action is not permitted, and a direct attempt is rejected server-side (403 PERMISSION_DENIED) unless the caller is a business_admin/administrator (who bypass all checks).","Grant ""Access to critical alerts list"" to the target role via Users → Role Permissions (or to the user directly from the branch-admin user list), act as that user, and confirm the control is available and works. Then revoke it and confirm the control disappears / the action is blocked.","","Yes"
"Laboratory","Reporting","Update critical alert test","Laboratory / Technician (/technician) — Reporting","Laboratory → Reporting: controls the “Update critical alert test” capability.","The ""Update critical alert test"" control is visible and enabled for the user; the action may be performed.","The ""Update critical alert test"" control is hidden or disabled; the action is not permitted, and a direct attempt is rejected server-side (403 PERMISSION_DENIED) unless the caller is a business_admin/administrator (who bypass all checks).","Grant ""Update critical alert test"" to the target role via Users → Role Permissions (or to the user directly from the branch-admin user list), act as that user, and confirm the control is available and works. Then revoke it and confirm the control disappears / the action is blocked.","Yes","Yes"
"Laboratory","Reporting","Mark as out of reference range","Laboratory / Technician (/technician) — Reporting","Laboratory → Reporting: controls the “Mark as out of reference range” capability.","The ""Mark as out of reference range"" control is visible and enabled for the user; the action may be performed.","The ""Mark as out of reference range"" control is hidden or disabled; the action is not permitted, and a direct attempt is rejected server-side (403 PERMISSION_DENIED) unless the caller is a business_admin/administrator (who bypass all checks).","Grant ""Mark as out of reference range"" to the target role via Users → Role Permissions (or to the user directly from the branch-admin user list), act as that user, and confirm the control is available and works. Then revoke it and confirm the control disappears / the action is blocked.","Yes","Yes"
"Laboratory","Reporting","Access to out of reference range","Laboratory / Technician (/technician) — Reporting","Laboratory → Reporting: controls the “Access to out of reference range” capability.","The ""Access to out of reference range"" control is visible and enabled for the user; the action may be performed.","The ""Access to out of reference range"" control is hidden or disabled; the action is not permitted, and a direct attempt is rejected server-side (403 PERMISSION_DENIED) unless the caller is a business_admin/administrator (who bypass all checks).","Grant ""Access to out of reference range"" to the target role via Users → Role Permissions (or to the user directly from the branch-admin user list), act as that user, and confirm the control is available and works. Then revoke it and confirm the control disappears / the action is blocked.","","Yes"
"Laboratory","Reporting","Update out of reference range test","Laboratory / Technician (/technician) — Reporting","Laboratory → Reporting: controls the “Update out of reference range test” capability.","The ""Update out of reference range test"" control is visible and enabled for the user; the action may be performed.","The ""Update out of reference range test"" control is hidden or disabled; the action is not permitted, and a direct attempt is rejected server-side (403 PERMISSION_DENIED) unless the caller is a business_admin/administrator (who bypass all checks).","Grant ""Update out of reference range test"" to the target role via Users → Role Permissions (or to the user directly from the branch-admin user list), act as that user, and confirm the control is available and works. Then revoke it and confirm the control disappears / the action is blocked.","Yes","Yes"
"Laboratory","Reporting","Mark as re-run test","Laboratory / Technician (/technician) — Reporting","Laboratory → Reporting: controls the “Mark as re-run test” capability.","The ""Mark as re-run test"" control is visible and enabled for the user; the action may be performed.","The ""Mark as re-run test"" control is hidden or disabled; the action is not permitted, and a direct attempt is rejected server-side (403 PERMISSION_DENIED) unless the caller is a business_admin/administrator (who bypass all checks).","Grant ""Mark as re-run test"" to the target role via Users → Role Permissions (or to the user directly from the branch-admin user list), act as that user, and confirm the control is available and works. Then revoke it and confirm the control disappears / the action is blocked.","Yes","Yes"
"Laboratory","Reporting","Access to re-run test list","Laboratory / Technician (/technician) — Reporting","Laboratory → Reporting: controls the “Access to re-run test list” capability.","The ""Access to re-run test list"" control is visible and enabled for the user; the action may be performed.","The ""Access to re-run test list"" control is hidden or disabled; the action is not permitted, and a direct attempt is rejected server-side (403 PERMISSION_DENIED) unless the caller is a business_admin/administrator (who bypass all checks).","Grant ""Access to re-run test list"" to the target role via Users → Role Permissions (or to the user directly from the branch-admin user list), act as that user, and confirm the control is available and works. Then revoke it and confirm the control disappears / the action is blocked.","","Yes"
"Laboratory","Reporting","Update re-run test","Laboratory / Technician (/technician) — Reporting","Laboratory → Reporting: controls the “Update re-run test” capability.","The ""Update re-run test"" control is visible and enabled for the user; the action may be performed.","The ""Update re-run test"" control is hidden or disabled; the action is not permitted, and a direct attempt is rejected server-side (403 PERMISSION_DENIED) unless the caller is a business_admin/administrator (who bypass all checks).","Grant ""Update re-run test"" to the target role via Users → Role Permissions (or to the user directly from the branch-admin user list), act as that user, and confirm the control is available and works. Then revoke it and confirm the control disappears / the action is blocked.","Yes","Yes"
"Laboratory","Reporting","Mark as multistep process","Laboratory / Technician (/technician) — Reporting","Laboratory → Reporting: controls the “Mark as multistep process” capability.","The ""Mark as multistep process"" control is visible and enabled for the user; the action may be performed.","The ""Mark as multistep process"" control is hidden or disabled; the action is not permitted, and a direct attempt is rejected server-side (403 PERMISSION_DENIED) unless the caller is a business_admin/administrator (who bypass all checks).","Grant ""Mark as multistep process"" to the target role via Users → Role Permissions (or to the user directly from the branch-admin user list), act as that user, and confirm the control is available and works. Then revoke it and confirm the control disappears / the action is blocked.","Yes","Yes"
"Laboratory","Reporting","Mark as scheduled test","Laboratory / Technician (/technician) — Reporting","Laboratory → Reporting: controls the “Mark as scheduled test” capability.","The ""Mark as scheduled test"" control is visible and enabled for the user; the action may be performed.","The ""Mark as scheduled test"" control is hidden or disabled; the action is not permitted, and a direct attempt is rejected server-side (403 PERMISSION_DENIED) unless the caller is a business_admin/administrator (who bypass all checks).","Grant ""Mark as scheduled test"" to the target role via Users → Role Permissions (or to the user directly from the branch-admin user list), act as that user, and confirm the control is available and works. Then revoke it and confirm the control disappears / the action is blocked.","Yes","Yes"
"Laboratory","Reporting","Access to scheduled test list","Laboratory / Technician (/technician) — Reporting","Laboratory → Reporting: controls the “Access to scheduled test list” capability.","The ""Access to scheduled test list"" control is visible and enabled for the user; the action may be performed.","The ""Access to scheduled test list"" control is hidden or disabled; the action is not permitted, and a direct attempt is rejected server-side (403 PERMISSION_DENIED) unless the caller is a business_admin/administrator (who bypass all checks).","Grant ""Access to scheduled test list"" to the target role via Users → Role Permissions (or to the user directly from the branch-admin user list), act as that user, and confirm the control is available and works. Then revoke it and confirm the control disappears / the action is blocked.","","Yes"
"Laboratory","Reporting","Update scheduled test","Laboratory / Technician (/technician) — Reporting","Laboratory → Reporting: controls the “Update scheduled test” capability.","The ""Update scheduled test"" control is visible and enabled for the user; the action may be performed.","The ""Update scheduled test"" control is hidden or disabled; the action is not permitted, and a direct attempt is rejected server-side (403 PERMISSION_DENIED) unless the caller is a business_admin/administrator (who bypass all checks).","Grant ""Update scheduled test"" to the target role via Users → Role Permissions (or to the user directly from the branch-admin user list), act as that user, and confirm the control is available and works. Then revoke it and confirm the control disappears / the action is blocked.","Yes","Yes"
"Laboratory","Reporting","View inventory","Laboratory / Technician (/technician) — Reporting","Laboratory → Reporting: controls the “View inventory” capability.","The ""View inventory"" control is visible and enabled for the user; the action may be performed.","The ""View inventory"" control is hidden or disabled; the action is not permitted, and a direct attempt is rejected server-side (403 PERMISSION_DENIED) unless the caller is a business_admin/administrator (who bypass all checks).","Grant ""View inventory"" to the target role via Users → Role Permissions (or to the user directly from the branch-admin user list), act as that user, and confirm the control is available and works. Then revoke it and confirm the control disappears / the action is blocked.","Yes","Yes"
"Laboratory","Reporting","Update inventory","Laboratory / Technician (/technician) — Reporting","Laboratory → Reporting: controls the “Update inventory” capability.","The ""Update inventory"" control is visible and enabled for the user; the action may be performed.","The ""Update inventory"" control is hidden or disabled; the action is not permitted, and a direct attempt is rejected server-side (403 PERMISSION_DENIED) unless the caller is a business_admin/administrator (who bypass all checks).","Grant ""Update inventory"" to the target role via Users → Role Permissions (or to the user directly from the branch-admin user list), act as that user, and confirm the control is available and works. Then revoke it and confirm the control disappears / the action is blocked.","Yes","Yes"
"Laboratory","Reporting","View trend report","Laboratory / Technician (/technician) — Reporting","Laboratory → Reporting: controls the “View trend report” capability.","The ""View trend report"" control is visible and enabled for the user; the action may be performed.","The ""View trend report"" control is hidden or disabled; the action is not permitted, and a direct attempt is rejected server-side (403 PERMISSION_DENIED) unless the caller is a business_admin/administrator (who bypass all checks).","Grant ""View trend report"" to the target role via Users → Role Permissions (or to the user directly from the branch-admin user list), act as that user, and confirm the control is available and works. Then revoke it and confirm the control disappears / the action is blocked.","Yes","Yes"
"Laboratory","Reporting","Upload images","Laboratory / Technician (/technician) — Reporting","Laboratory → Reporting: controls the “Upload images” capability.","The ""Upload images"" control is visible and enabled for the user; the action may be performed.","The ""Upload images"" control is hidden or disabled; the action is not permitted, and a direct attempt is rejected server-side (403 PERMISSION_DENIED) unless the caller is a business_admin/administrator (who bypass all checks).","Grant ""Upload images"" to the target role via Users → Role Permissions (or to the user directly from the branch-admin user list), act as that user, and confirm the control is available and works. Then revoke it and confirm the control disappears / the action is blocked.","",""
"Laboratory","Reporting","Update images","Laboratory / Technician (/technician) — Reporting","Laboratory → Reporting: controls the “Update images” capability.","The ""Update images"" control is visible and enabled for the user; the action may be performed.","The ""Update images"" control is hidden or disabled; the action is not permitted, and a direct attempt is rejected server-side (403 PERMISSION_DENIED) unless the caller is a business_admin/administrator (who bypass all checks).","Grant ""Update images"" to the target role via Users → Role Permissions (or to the user directly from the branch-admin user list), act as that user, and confirm the control is available and works. Then revoke it and confirm the control disappears / the action is blocked.","",""
"Laboratory","Reporting","Upload file","Laboratory / Technician (/technician) — Reporting","Laboratory → Reporting: controls the “Upload file” capability.","The ""Upload file"" control is visible and enabled for the user; the action may be performed.","The ""Upload file"" control is hidden or disabled; the action is not permitted, and a direct attempt is rejected server-side (403 PERMISSION_DENIED) unless the caller is a business_admin/administrator (who bypass all checks).","Grant ""Upload file"" to the target role via Users → Role Permissions (or to the user directly from the branch-admin user list), act as that user, and confirm the control is available and works. Then revoke it and confirm the control disappears / the action is blocked.","",""
"Laboratory","Reporting","Update file","Laboratory / Technician (/technician) — Reporting","Laboratory → Reporting: controls the “Update file” capability.","The ""Update file"" control is visible and enabled for the user; the action may be performed.","The ""Update file"" control is hidden or disabled; the action is not permitted, and a direct attempt is rejected server-side (403 PERMISSION_DENIED) unless the caller is a business_admin/administrator (who bypass all checks).","Grant ""Update file"" to the target role via Users → Role Permissions (or to the user directly from the branch-admin user list), act as that user, and confirm the control is available and works. Then revoke it and confirm the control disappears / the action is blocked.","",""
"Laboratory","Reporting","Upload document","Laboratory / Technician (/technician) — Reporting","Laboratory → Reporting: controls the “Upload document” capability.","The ""Upload document"" control is visible and enabled for the user; the action may be performed.","The ""Upload document"" control is hidden or disabled; the action is not permitted, and a direct attempt is rejected server-side (403 PERMISSION_DENIED) unless the caller is a business_admin/administrator (who bypass all checks).","Grant ""Upload document"" to the target role via Users → Role Permissions (or to the user directly from the branch-admin user list), act as that user, and confirm the control is available and works. Then revoke it and confirm the control disappears / the action is blocked.","",""
"Laboratory","Reporting","Update document","Laboratory / Technician (/technician) — Reporting","Laboratory → Reporting: controls the “Update document” capability.","The ""Update document"" control is visible and enabled for the user; the action may be performed.","The ""Update document"" control is hidden or disabled; the action is not permitted, and a direct attempt is rejected server-side (403 PERMISSION_DENIED) unless the caller is a business_admin/administrator (who bypass all checks).","Grant ""Update document"" to the target role via Users → Role Permissions (or to the user directly from the branch-admin user list), act as that user, and confirm the control is available and works. Then revoke it and confirm the control disappears / the action is blocked.","",""
"Laboratory","Reporting","Access to enter result","Laboratory / Technician (/technician) — Reporting","Laboratory → Reporting: controls the “Access to enter result” capability.","The ""Access to enter result"" control is visible and enabled for the user; the action may be performed.","The ""Access to enter result"" control is hidden or disabled; the action is not permitted, and a direct attempt is rejected server-side (403 PERMISSION_DENIED) unless the caller is a business_admin/administrator (who bypass all checks).","Grant ""Access to enter result"" to the target role via Users → Role Permissions (or to the user directly from the branch-admin user list), act as that user, and confirm the control is available and works. Then revoke it and confirm the control disappears / the action is blocked.","Yes","Yes"
"Laboratory","Reporting","Do bulk action","Laboratory / Technician (/technician) — Reporting","Laboratory → Reporting: controls the “Do bulk action” capability.","The ""Do bulk action"" control is visible and enabled for the user; the action may be performed.","The ""Do bulk action"" control is hidden or disabled; the action is not permitted, and a direct attempt is rejected server-side (403 PERMISSION_DENIED) unless the caller is a business_admin/administrator (who bypass all checks).","Grant ""Do bulk action"" to the target role via Users → Role Permissions (or to the user directly from the branch-admin user list), act as that user, and confirm the control is available and works. Then revoke it and confirm the control disappears / the action is blocked.","Yes",""
"Laboratory","Reporting","Update technician notes","Laboratory / Technician (/technician) — Reporting","Laboratory → Reporting: controls the “Update technician notes” capability.","The ""Update technician notes"" control is visible and enabled for the user; the action may be performed.","The ""Update technician notes"" control is hidden or disabled; the action is not permitted, and a direct attempt is rejected server-side (403 PERMISSION_DENIED) unless the caller is a business_admin/administrator (who bypass all checks).","Grant ""Update technician notes"" to the target role via Users → Role Permissions (or to the user directly from the branch-admin user list), act as that user, and confirm the control is available and works. Then revoke it and confirm the control disappears / the action is blocked.","Yes","Yes"
"Laboratory","Order Console","View only","Order Console (/order-console)","Laboratory → Order Console: controls the “View only” capability.","The “View only” control is visible and enabled on this page; the user may perform the action.","The “View only” control is hidden or disabled on this page; the action is not permitted (and is rejected if attempted directly).","Grant “View only” to the target role via Users → Role Permissions (or to the user directly from the branch-admin user list), open this page as that user, and confirm the control is available. Then revoke it and confirm the control disappears / the action is blocked.","Yes",""
"Laboratory","Order Console","Update in the order console","Order Console (/order-console)","Laboratory → Order Console: controls the “Update in the order console” capability.","The “Update in the order console” control is visible and enabled on this page; the user may perform the action.","The “Update in the order console” control is hidden or disabled on this page; the action is not permitted (and is rejected if attempted directly).","Grant “Update in the order console” to the target role via Users → Role Permissions (or to the user directly from the branch-admin user list), open this page as that user, and confirm the control is available. Then revoke it and confirm the control disappears / the action is blocked.","",""
"Laboratory","Order Console","Upload documents","Order Console (/order-console)","Laboratory → Order Console: controls the “Upload documents” capability.","The “Upload documents” control is visible and enabled on this page; the user may perform the action.","The “Upload documents” control is hidden or disabled on this page; the action is not permitted (and is rejected if attempted directly).","Grant “Upload documents” to the target role via Users → Role Permissions (or to the user directly from the branch-admin user list), open this page as that user, and confirm the control is available. Then revoke it and confirm the control disappears / the action is blocked.","",""
"Laboratory","Order Console","Update documents","Order Console (/order-console)","Laboratory → Order Console: controls the “Update documents” capability.","The “Update documents” control is visible and enabled on this page; the user may perform the action.","The “Update documents” control is hidden or disabled on this page; the action is not permitted (and is rejected if attempted directly).","Grant “Update documents” to the target role via Users → Role Permissions (or to the user directly from the branch-admin user list), open this page as that user, and confirm the control is available. Then revoke it and confirm the control disappears / the action is blocked.","",""
"Laboratory","Reports","View reports","Laboratory / Technician (/technician) — Reports","Laboratory → Reports: controls the “View reports” capability.","The ""View reports"" control is visible and enabled for the user; the action may be performed.","The ""View reports"" control is hidden or disabled; the action is not permitted, and a direct attempt is rejected server-side (403 PERMISSION_DENIED) unless the caller is a business_admin/administrator (who bypass all checks).","Grant ""View reports"" to the target role via Users → Role Permissions (or to the user directly from the branch-admin user list), act as that user, and confirm the control is available and works. Then revoke it and confirm the control disappears / the action is blocked.","",""
"Laboratory","Laboratory Settings","View laboratory settings","Laboratory / Technician (/technician) — Settings","Laboratory → Laboratory Settings: controls the “View laboratory settings” capability.","The ""View laboratory settings"" control is visible and enabled for the user; the action may be performed.","The ""View laboratory settings"" control is hidden or disabled; the action is not permitted, and a direct attempt is rejected server-side (403 PERMISSION_DENIED) unless the caller is a business_admin/administrator (who bypass all checks).","Grant ""View laboratory settings"" to the target role via Users → Role Permissions (or to the user directly from the branch-admin user list), act as that user, and confirm the control is available and works. Then revoke it and confirm the control disappears / the action is blocked.","","Yes"
"Laboratory","Laboratory Settings","Update laboratory settings","Laboratory / Technician (/technician) — Settings","Laboratory → Laboratory Settings: controls the “Update laboratory settings” capability.","The ""Update laboratory settings"" control is visible and enabled for the user; the action may be performed.","The ""Update laboratory settings"" control is hidden or disabled; the action is not permitted, and a direct attempt is rejected server-side (403 PERMISSION_DENIED) unless the caller is a business_admin/administrator (who bypass all checks).","Grant ""Update laboratory settings"" to the target role via Users → Role Permissions (or to the user directly from the branch-admin user list), act as that user, and confirm the control is available and works. Then revoke it and confirm the control disappears / the action is blocked.","Yes","Yes"
"Laboratory","Incident Reports","Create incident report","","Laboratory → Incident Reports: controls the ""Create incident report"" capability.","The ""Create incident report"" control is visible and enabled for the user; the action may be performed.","The ""Create incident report"" control is hidden or disabled; the action is not permitted, and a direct attempt is rejected server-side (403 PERMISSION_DENIED) unless the caller is a business_admin/administrator (who bypass all checks).","Grant ""Create incident report"" to the target role via Users → Role Permissions (or to the user directly from the branch-admin user list), act as that user, and confirm the control is available and works. Then revoke it and confirm the control disappears / the action is blocked.","",""
"Laboratory","Incident Reports","Update incident report","","Laboratory → Incident Reports: controls the ""Update incident report"" capability.","The ""Update incident report"" control is visible and enabled for the user; the action may be performed.","The ""Update incident report"" control is hidden or disabled; the action is not permitted, and a direct attempt is rejected server-side (403 PERMISSION_DENIED) unless the caller is a business_admin/administrator (who bypass all checks).","Grant ""Update incident report"" to the target role via Users → Role Permissions (or to the user directly from the branch-admin user list), act as that user, and confirm the control is available and works. Then revoke it and confirm the control disappears / the action is blocked.","",""
"Laboratory","Incident Reports","Reassign to other user","","Laboratory → Incident Reports: controls the ""Reassign to other user"" capability.","The ""Reassign to other user"" control is visible and enabled for the user; the action may be performed.","The ""Reassign to other user"" control is hidden or disabled; the action is not permitted, and a direct attempt is rejected server-side (403 PERMISSION_DENIED) unless the caller is a business_admin/administrator (who bypass all checks).","Grant ""Reassign to other user"" to the target role via Users → Role Permissions (or to the user directly from the branch-admin user list), act as that user, and confirm the control is available and works. Then revoke it and confirm the control disappears / the action is blocked.","",""
"Laboratory","Incident Reports","Delete incident report","","Laboratory → Incident Reports: controls the ""Delete incident report"" capability.","The ""Delete incident report"" control is visible and enabled for the user; the action may be performed.","The ""Delete incident report"" control is hidden or disabled; the action is not permitted, and a direct attempt is rejected server-side (403 PERMISSION_DENIED) unless the caller is a business_admin/administrator (who bypass all checks).","Grant ""Delete incident report"" to the target role via Users → Role Permissions (or to the user directly from the branch-admin user list), act as that user, and confirm the control is available and works. Then revoke it and confirm the control disappears / the action is blocked.","",""
"Laboratory","Incident Reports","Update the status","","Laboratory → Incident Reports: controls the ""Update the status"" capability.","The ""Update the status"" control is visible and enabled for the user; the action may be performed.","The ""Update the status"" control is hidden or disabled; the action is not permitted, and a direct attempt is rejected server-side (403 PERMISSION_DENIED) unless the caller is a business_admin/administrator (who bypass all checks).","Grant ""Update the status"" to the target role via Users → Role Permissions (or to the user directly from the branch-admin user list), act as that user, and confirm the control is available and works. Then revoke it and confirm the control disappears / the action is blocked.","",""
"Laboratory","Incident Reports","Close the incident","","Laboratory → Incident Reports: controls the ""Close the incident"" capability.","The ""Close the incident"" control is visible and enabled for the user; the action may be performed.","The ""Close the incident"" control is hidden or disabled; the action is not permitted, and a direct attempt is rejected server-side (403 PERMISSION_DENIED) unless the caller is a business_admin/administrator (who bypass all checks).","Grant ""Close the incident"" to the target role via Users → Role Permissions (or to the user directly from the branch-admin user list), act as that user, and confirm the control is available and works. Then revoke it and confirm the control disappears / the action is blocked.","",""
"Business Admin","Master Data","Add test","Business Admin → Lab Configuration → Master Data","Business Admin → Master Data: controls the “Add test” capability.","The “Add test” control is visible and enabled on this page; the user may perform the action.","The “Add test” control is hidden or disabled on this page; the action is not permitted (and is rejected if attempted directly).","Grant “Add test” to the target role via Users → Role Permissions (or to the user directly from the branch-admin user list), open this page as that user, and confirm the control is available. Then revoke it and confirm the control disappears / the action is blocked.","Yes","Yes"
"Business Admin","Master Data","Update test","Business Admin → Lab Configuration → Master Data","Business Admin → Master Data: controls the “Update test” capability.","The “Update test” control is visible and enabled on this page; the user may perform the action.","The “Update test” control is hidden or disabled on this page; the action is not permitted (and is rejected if attempted directly).","Grant “Update test” to the target role via Users → Role Permissions (or to the user directly from the branch-admin user list), open this page as that user, and confirm the control is available. Then revoke it and confirm the control disappears / the action is blocked.","Yes","Yes"
"Business Admin","Master Data","Delete test","Business Admin → Lab Configuration → Master Data","Business Admin → Master Data: controls the “Delete test” capability.","The “Delete test” control is visible and enabled on this page; the user may perform the action.","The “Delete test” control is hidden or disabled on this page; the action is not permitted (and is rejected if attempted directly).","Grant “Delete test” to the target role via Users → Role Permissions (or to the user directly from the branch-admin user list), open this page as that user, and confirm the control is available. Then revoke it and confirm the control disappears / the action is blocked.","","Yes"
"Business Admin","Master Data","Disable test","Business Admin → Lab Configuration → Master Data","Business Admin → Master Data: controls the “Disable test” capability.","The “Disable test” control is visible and enabled on this page; the user may perform the action.","The “Disable test” control is hidden or disabled on this page; the action is not permitted (and is rejected if attempted directly).","Grant “Disable test” to the target role via Users → Role Permissions (or to the user directly from the branch-admin user list), open this page as that user, and confirm the control is available. Then revoke it and confirm the control disappears / the action is blocked.","Yes",""
"Business Admin","Master Data","Duplicate test","Business Admin → Lab Configuration → Master Data","Business Admin → Master Data: controls the “Duplicate test” capability.","The “Duplicate test” control is visible and enabled on this page; the user may perform the action.","The “Duplicate test” control is hidden or disabled on this page; the action is not permitted (and is rejected if attempted directly).","Grant “Duplicate test” to the target role via Users → Role Permissions (or to the user directly from the branch-admin user list), open this page as that user, and confirm the control is available. Then revoke it and confirm the control disappears / the action is blocked.","","Yes"
"Business Admin","Master Data","Allow multiple edit","Business Admin → Lab Configuration → Master Data","Business Admin → Master Data: controls the “Allow multiple edit” capability.","The “Allow multiple edit” control is visible and enabled on this page; the user may perform the action.","The “Allow multiple edit” control is hidden or disabled on this page; the action is not permitted (and is rejected if attempted directly).","Grant “Allow multiple edit” to the target role via Users → Role Permissions (or to the user directly from the branch-admin user list), open this page as that user, and confirm the control is available. Then revoke it and confirm the control disappears / the action is blocked.","Yes","Yes"
"Business Admin","Master Data","Update customized view of tests","Business Admin → Lab Configuration → Master Data","Business Admin → Master Data: controls the “Update customized view of tests” capability.","The “Update customized view of tests” control is visible and enabled on this page; the user may perform the action.","The “Update customized view of tests” control is hidden or disabled on this page; the action is not permitted (and is rejected if attempted directly).","Grant “Update customized view of tests” to the target role via Users → Role Permissions (or to the user directly from the branch-admin user list), open this page as that user, and confirm the control is available. Then revoke it and confirm the control disappears / the action is blocked.","Yes",""
"Business Admin","Master Data","Allow export tests","Business Admin → Lab Configuration → Master Data","Business Admin → Master Data: controls the “Allow export tests” capability.","The “Allow export tests” control is visible and enabled on this page; the user may perform the action.","The “Allow export tests” control is hidden or disabled on this page; the action is not permitted (and is rejected if attempted directly).","Grant “Allow export tests” to the target role via Users → Role Permissions (or to the user directly from the branch-admin user list), open this page as that user, and confirm the control is available. Then revoke it and confirm the control disappears / the action is blocked.","Yes",""
"Business Admin","Master Data","Allow import tests","Business Admin → Lab Configuration → Master Data","Business Admin → Master Data: controls the “Allow import tests” capability.","The “Allow import tests” control is visible and enabled on this page; the user may perform the action.","The “Allow import tests” control is hidden or disabled on this page; the action is not permitted (and is rejected if attempted directly).","Grant “Allow import tests” to the target role via Users → Role Permissions (or to the user directly from the branch-admin user list), open this page as that user, and confirm the control is available. Then revoke it and confirm the control disappears / the action is blocked.","Yes","Yes"
"Business Admin","Master Data","Add lab panel","Business Admin → Lab Configuration → Master Data","Business Admin → Master Data: controls the “Add lab panel” capability.","The “Add lab panel” control is visible and enabled on this page; the user may perform the action.","The “Add lab panel” control is hidden or disabled on this page; the action is not permitted (and is rejected if attempted directly).","Grant “Add lab panel” to the target role via Users → Role Permissions (or to the user directly from the branch-admin user list), open this page as that user, and confirm the control is available. Then revoke it and confirm the control disappears / the action is blocked.","Yes","Yes"
"Business Admin","Master Data","Update lab panel","Business Admin → Lab Configuration → Master Data","Business Admin → Master Data: controls the “Update lab panel” capability.","The “Update lab panel” control is visible and enabled on this page; the user may perform the action.","The “Update lab panel” control is hidden or disabled on this page; the action is not permitted (and is rejected if attempted directly).","Grant “Update lab panel” to the target role via Users → Role Permissions (or to the user directly from the branch-admin user list), open this page as that user, and confirm the control is available. Then revoke it and confirm the control disappears / the action is blocked.","Yes","Yes"
"Business Admin","Master Data","Edit the panel","Business Admin → Lab Configuration → Master Data","Business Admin → Master Data: controls the “Edit the panel” capability.","The “Edit the panel” control is visible and enabled on this page; the user may perform the action.","The “Edit the panel” control is hidden or disabled on this page; the action is not permitted (and is rejected if attempted directly).","Grant “Edit the panel” to the target role via Users → Role Permissions (or to the user directly from the branch-admin user list), open this page as that user, and confirm the control is available. Then revoke it and confirm the control disappears / the action is blocked.","Yes","Yes"
"Business Admin","Master Data","Duplicate the panel","Business Admin → Lab Configuration → Master Data","Business Admin → Master Data: controls the “Duplicate the panel” capability.","The “Duplicate the panel” control is visible and enabled on this page; the user may perform the action.","The “Duplicate the panel” control is hidden or disabled on this page; the action is not permitted (and is rejected if attempted directly).","Grant “Duplicate the panel” to the target role via Users → Role Permissions (or to the user directly from the branch-admin user list), open this page as that user, and confirm the control is available. Then revoke it and confirm the control disappears / the action is blocked.","Yes",""
"Business Admin","Master Data","Delete the panel","Business Admin → Lab Configuration → Master Data","Business Admin → Master Data: controls the “Delete the panel” capability.","The “Delete the panel” control is visible and enabled on this page; the user may perform the action.","The “Delete the panel” control is hidden or disabled on this page; the action is not permitted (and is rejected if attempted directly).","Grant “Delete the panel” to the target role via Users → Role Permissions (or to the user directly from the branch-admin user list), open this page as that user, and confirm the control is available. Then revoke it and confirm the control disappears / the action is blocked.","Yes","Yes"
"Business Admin","Lab Test List","View lab test list of assigned branch only","Business Admin → Lab Configuration → Lab Test List","Business Admin → Lab Test List: controls the “View lab test list of assigned branch only” capability.","The “View lab test list of assigned branch only” control is visible and enabled on this page; the user may perform the action.","The “View lab test list of assigned branch only” control is hidden or disabled on this page; the action is not permitted (and is rejected if attempted directly).","Grant “View lab test list of assigned branch only” to the target role via Users → Role Permissions (or to the user directly from the branch-admin user list), open this page as that user, and confirm the control is available. Then revoke it and confirm the control disappears / the action is blocked.","Yes",""
"Business Admin","Lab Test List","View lab test list of all branches","Business Admin → Lab Configuration → Lab Test List","Business Admin → Lab Test List: controls the “View lab test list of all branches” capability.","The “View lab test list of all branches” control is visible and enabled on this page; the user may perform the action.","The “View lab test list of all branches” control is hidden or disabled on this page; the action is not permitted (and is rejected if attempted directly).","Grant “View lab test list of all branches” to the target role via Users → Role Permissions (or to the user directly from the branch-admin user list), open this page as that user, and confirm the control is available. Then revoke it and confirm the control disappears / the action is blocked.","Yes",""
"Business Admin","Lab Panel List","View lab panel list of assigned branch only","Business Admin → Lab Configuration → Lab Panel List","Business Admin → Lab Panel List: controls the “View lab panel list of assigned branch only” capability.","The “View lab panel list of assigned branch only” control is visible and enabled on this page; the user may perform the action.","The “View lab panel list of assigned branch only” control is hidden or disabled on this page; the action is not permitted (and is rejected if attempted directly).","Grant “View lab panel list of assigned branch only” to the target role via Users → Role Permissions (or to the user directly from the branch-admin user list), open this page as that user, and confirm the control is available. Then revoke it and confirm the control disappears / the action is blocked.","Yes",""
"Business Admin","Lab Panel List","View lab panel list of all branches","Business Admin → Lab Configuration → Lab Panel List","Business Admin → Lab Panel List: controls the “View lab panel list of all branches” capability.","The “View lab panel list of all branches” control is visible and enabled on this page; the user may perform the action.","The “View lab panel list of all branches” control is hidden or disabled on this page; the action is not permitted (and is rejected if attempted directly).","Grant “View lab panel list of all branches” to the target role via Users → Role Permissions (or to the user directly from the branch-admin user list), open this page as that user, and confirm the control is available. Then revoke it and confirm the control disappears / the action is blocked.","Yes",""
"Business Admin","Outsource Centers","View outsource center list","Business Admin → Lab Configuration → Outsource Centers","Business Admin → Outsource Centers: controls the “View outsource center list” capability.","The “View outsource center list” control is visible and enabled on this page; the user may perform the action.","The “View outsource center list” control is hidden or disabled on this page; the action is not permitted (and is rejected if attempted directly).","Grant “View outsource center list” to the target role via Users → Role Permissions (or to the user directly from the branch-admin user list), open this page as that user, and confirm the control is available. Then revoke it and confirm the control disappears / the action is blocked.","Yes",""
"Business Admin","Reporting Doctors","View reporting doctors list","Business Admin → Lab Configuration → Reporting Doctors","Business Admin → Reporting Doctors: controls the “View reporting doctors list” capability.","The “View reporting doctors list” control is visible and enabled on this page; the user may perform the action.","The “View reporting doctors list” control is hidden or disabled on this page; the action is not permitted (and is rejected if attempted directly).","Grant “View reporting doctors list” to the target role via Users → Role Permissions (or to the user directly from the branch-admin user list), open this page as that user, and confirm the control is available. Then revoke it and confirm the control disappears / the action is blocked.","Yes",""
"Business Admin","Reporting Doctors","View consultant doctors list","Business Admin → Lab Configuration → Reporting Doctors","Business Admin → Reporting Doctors: controls the “View consultant doctors list” capability.","The “View consultant doctors list” control is visible and enabled on this page; the user may perform the action.","The “View consultant doctors list” control is hidden or disabled on this page; the action is not permitted (and is rejected if attempted directly).","Grant “View consultant doctors list” to the target role via Users → Role Permissions (or to the user directly from the branch-admin user list), open this page as that user, and confirm the control is available. Then revoke it and confirm the control disappears / the action is blocked.","Yes",""
"Business Admin","Referrals","View referral doctors list","Business Admin → Lab Configuration → Referrals","Business Admin → Referrals: controls the “View referral doctors list” capability.","The “View referral doctors list” control is visible and enabled on this page; the user may perform the action.","The “View referral doctors list” control is hidden or disabled on this page; the action is not permitted (and is rejected if attempted directly).","Grant “View referral doctors list” to the target role via Users → Role Permissions (or to the user directly from the branch-admin user list), open this page as that user, and confirm the control is available. Then revoke it and confirm the control disappears / the action is blocked.","Yes",""
"Business Admin","Referrals","View referral panel list","Business Admin → Lab Configuration → Referrals","Business Admin → Referrals: controls the “View referral panel list” capability.","The “View referral panel list” control is visible and enabled on this page; the user may perform the action.","The “View referral panel list” control is hidden or disabled on this page; the action is not permitted (and is rejected if attempted directly).","Grant “View referral panel list” to the target role via Users → Role Permissions (or to the user directly from the branch-admin user list), open this page as that user, and confirm the control is available. Then revoke it and confirm the control disappears / the action is blocked.","Yes",""
"Business Admin","Referrals","View external referral user list","Business Admin → Lab Configuration → Referrals","Business Admin → Referrals: controls the “View external referral user list” capability.","The “View external referral user list” control is visible and enabled on this page; the user may perform the action.","The “View external referral user list” control is hidden or disabled on this page; the action is not permitted (and is rejected if attempted directly).","Grant “View external referral user list” to the target role via Users → Role Permissions (or to the user directly from the branch-admin user list), open this page as that user, and confirm the control is available. Then revoke it and confirm the control disappears / the action is blocked.","Yes",""
"Business Admin","Referrals","View internal referral users list","Business Admin → Lab Configuration → Referrals","Business Admin → Referrals: controls the “View internal referral users list” capability.","The “View internal referral users list” control is visible and enabled on this page; the user may perform the action.","The “View internal referral users list” control is hidden or disabled on this page; the action is not permitted (and is rejected if attempted directly).","Grant “View internal referral users list” to the target role via Users → Role Permissions (or to the user directly from the branch-admin user list), open this page as that user, and confirm the control is available. Then revoke it and confirm the control disappears / the action is blocked.","Yes",""
"Business Admin","Document Management","Add document","Business Admin → Lab Configuration → Document Management","Business Admin → Document Management: controls the “Add document” capability.","The “Add document” control is visible and enabled on this page; the user may perform the action.","The “Add document” control is hidden or disabled on this page; the action is not permitted (and is rejected if attempted directly).","Grant “Add document” to the target role via Users → Role Permissions (or to the user directly from the branch-admin user list), open this page as that user, and confirm the control is available. Then revoke it and confirm the control disappears / the action is blocked.","Yes","Yes"
"Business Admin","Document Management","Update document","Business Admin → Lab Configuration → Document Management","Business Admin → Document Management: controls the “Update document” capability.","The “Update document” control is visible and enabled on this page; the user may perform the action.","The “Update document” control is hidden or disabled on this page; the action is not permitted (and is rejected if attempted directly).","Grant “Update document” to the target role via Users → Role Permissions (or to the user directly from the branch-admin user list), open this page as that user, and confirm the control is available. Then revoke it and confirm the control disappears / the action is blocked.","Yes","Yes"
"Business Admin","Document Management","Delete document","Business Admin → Lab Configuration → Document Management","Business Admin → Document Management: controls the “Delete document” capability.","The “Delete document” control is visible and enabled on this page; the user may perform the action.","The “Delete document” control is hidden or disabled on this page; the action is not permitted (and is rejected if attempted directly).","Grant “Delete document” to the target role via Users → Role Permissions (or to the user directly from the branch-admin user list), open this page as that user, and confirm the control is available. Then revoke it and confirm the control disappears / the action is blocked.","Yes","Yes"
"Business Admin","Center and Operations","Add new branch","Business Admin → Center & Operations","Business Admin → Center and Operations: controls the “Add new branch” capability.","The “Add new branch” control is visible and enabled on this page; the user may perform the action.","The “Add new branch” control is hidden or disabled on this page; the action is not permitted (and is rejected if attempted directly).","Grant “Add new branch” to the target role via Users → Role Permissions (or to the user directly from the branch-admin user list), open this page as that user, and confirm the control is available. Then revoke it and confirm the control disappears / the action is blocked.","Yes","Yes"
"Business Admin","Center and Operations","Update branch","Business Admin → Center & Operations","Business Admin → Center and Operations: controls the “Update branch” capability.","The “Update branch” control is visible and enabled on this page; the user may perform the action.","The “Update branch” control is hidden or disabled on this page; the action is not permitted (and is rejected if attempted directly).","Grant “Update branch” to the target role via Users → Role Permissions (or to the user directly from the branch-admin user list), open this page as that user, and confirm the control is available. Then revoke it and confirm the control disappears / the action is blocked.","Yes","Yes"
"Business Admin","Center and Operations","Delete branch","Business Admin → Center & Operations","Business Admin → Center and Operations: controls the “Delete branch” capability.","The “Delete branch” control is visible and enabled on this page; the user may perform the action.","The “Delete branch” control is hidden or disabled on this page; the action is not permitted (and is rejected if attempted directly).","Grant “Delete branch” to the target role via Users → Role Permissions (or to the user directly from the branch-admin user list), open this page as that user, and confirm the control is available. Then revoke it and confirm the control disappears / the action is blocked.","Yes","Yes"
"Business Admin","Center and Operations","View schedule of branches","Business Admin → Center & Operations","Business Admin → Center and Operations: controls the “View schedule of branches” capability.","The “View schedule of branches” control is visible and enabled on this page; the user may perform the action.","The “View schedule of branches” control is hidden or disabled on this page; the action is not permitted (and is rejected if attempted directly).","Grant “View schedule of branches” to the target role via Users → Role Permissions (or to the user directly from the branch-admin user list), open this page as that user, and confirm the control is available. Then revoke it and confirm the control disappears / the action is blocked.","Yes",""
"Business Admin","Center and Operations","Link branch","Business Admin → Center & Operations","Business Admin → Center and Operations: controls the “Link branch” capability.","The “Link branch” control is visible and enabled on this page; the user may perform the action.","The “Link branch” control is hidden or disabled on this page; the action is not permitted (and is rejected if attempted directly).","Grant “Link branch” to the target role via Users → Role Permissions (or to the user directly from the branch-admin user list), open this page as that user, and confirm the control is available. Then revoke it and confirm the control disappears / the action is blocked.","","Yes"
"Business Admin","Center and Operations","Edit link","Business Admin → Center & Operations","Business Admin → Center and Operations: controls the “Edit link” capability.","The “Edit link” control is visible and enabled on this page; the user may perform the action.","The “Edit link” control is hidden or disabled on this page; the action is not permitted (and is rejected if attempted directly).","Grant “Edit link” to the target role via Users → Role Permissions (or to the user directly from the branch-admin user list), open this page as that user, and confirm the control is available. Then revoke it and confirm the control disappears / the action is blocked.","","Yes"
"Business Admin","Center and Operations","Delete link","Business Admin → Center & Operations","Business Admin → Center and Operations: controls the “Delete link” capability.","The “Delete link” control is visible and enabled on this page; the user may perform the action.","The “Delete link” control is hidden or disabled on this page; the action is not permitted (and is rejected if attempted directly).","Grant “Delete link” to the target role via Users → Role Permissions (or to the user directly from the branch-admin user list), open this page as that user, and confirm the control is available. Then revoke it and confirm the control disappears / the action is blocked.","","Yes"
"Business Admin","Center and Operations","View audit","Business Admin → Center & Operations","Business Admin → Center and Operations: controls the “View audit” capability.","The “View audit” control is visible and enabled on this page; the user may perform the action.","The “View audit” control is hidden or disabled on this page; the action is not permitted (and is rejected if attempted directly).","Grant “View audit” to the target role via Users → Role Permissions (or to the user directly from the branch-admin user list), open this page as that user, and confirm the control is available. Then revoke it and confirm the control disappears / the action is blocked.","Yes",""
"Business Admin","Center and Operations","View subscription plan","Business Admin → Center & Operations","Business Admin → Center and Operations: controls the “View subscription plan” capability.","The ""View subscription plan"" control is visible and enabled for the user; the action may be performed.","The ""View subscription plan"" control is hidden or disabled; the action is not permitted, and a direct attempt is rejected server-side (403 PERMISSION_DENIED) unless the caller is a business_admin/administrator (who bypass all checks).","Grant ""View subscription plan"" to the target role via Users → Role Permissions (or to the user directly from the branch-admin user list), act as that user, and confirm the control is available and works. Then revoke it and confirm the control disappears / the action is blocked.","Yes",""
"Business Admin","Center and Operations","Add new subscription feature","Business Admin → Center & Operations","Business Admin → Center and Operations: controls the “Add new subscription feature” capability.","The ""Add new subscription feature"" control is visible and enabled for the user; the action may be performed.","The ""Add new subscription feature"" control is hidden or disabled; the action is not permitted, and a direct attempt is rejected server-side (403 PERMISSION_DENIED) unless the caller is a business_admin/administrator (who bypass all checks).","Grant ""Add new subscription feature"" to the target role via Users → Role Permissions (or to the user directly from the branch-admin user list), act as that user, and confirm the control is available and works. Then revoke it and confirm the control disappears / the action is blocked.","Yes",""
"Business Admin","Center and Operations","Inactivate subscription feature","Business Admin → Center & Operations","Business Admin → Center and Operations: controls the “Inactivate subscription feature” capability.","The ""Inactivate subscription feature"" control is visible and enabled for the user; the action may be performed.","The ""Inactivate subscription feature"" control is hidden or disabled; the action is not permitted, and a direct attempt is rejected server-side (403 PERMISSION_DENIED) unless the caller is a business_admin/administrator (who bypass all checks).","Grant ""Inactivate subscription feature"" to the target role via Users → Role Permissions (or to the user directly from the branch-admin user list), act as that user, and confirm the control is available and works. Then revoke it and confirm the control disappears / the action is blocked.","Yes",""
"Business Admin","User Management","Add user","Business Admin → Users (/business-admin/users)","Business Admin → User Management: controls the “Add user” capability.","The “Add user” control is visible and enabled on this page; the user may perform the action.","The “Add user” control is hidden or disabled on this page; the action is not permitted (and is rejected if attempted directly).","Grant “Add user” to the target role via Users → Role Permissions (or to the user directly from the branch-admin user list), open this page as that user, and confirm the control is available. Then revoke it and confirm the control disappears / the action is blocked.","Yes","Yes"
"Business Admin","User Management","View only users list","Business Admin → Users (/business-admin/users)","Business Admin → User Management: controls the “View only users list” capability.","The “View only users list” control is visible and enabled on this page; the user may perform the action.","The “View only users list” control is hidden or disabled on this page; the action is not permitted (and is rejected if attempted directly).","Grant “View only users list” to the target role via Users → Role Permissions (or to the user directly from the branch-admin user list), open this page as that user, and confirm the control is available. Then revoke it and confirm the control disappears / the action is blocked.","Yes",""
"Business Admin","User Management","Update users","Business Admin → Users (/business-admin/users)","Business Admin → User Management: controls the “Update users” capability.","The “Update users” control is visible and enabled on this page; the user may perform the action.","The “Update users” control is hidden or disabled on this page; the action is not permitted (and is rejected if attempted directly).","Grant “Update users” to the target role via Users → Role Permissions (or to the user directly from the branch-admin user list), open this page as that user, and confirm the control is available. Then revoke it and confirm the control disappears / the action is blocked.","Yes","Yes"
"Business Admin","User Management","View only user permissions","Business Admin → Users (/business-admin/users)","Business Admin → User Management: controls the “View only user permissions” capability.","The “View only user permissions” control is visible and enabled on this page; the user may perform the action.","The “View only user permissions” control is hidden or disabled on this page; the action is not permitted (and is rejected if attempted directly).","Grant “View only user permissions” to the target role via Users → Role Permissions (or to the user directly from the branch-admin user list), open this page as that user, and confirm the control is available. Then revoke it and confirm the control disappears / the action is blocked.","Yes",""
"Business Admin","User Management","Update the user permissions","Business Admin → Users (/business-admin/users)","Business Admin → User Management: controls the “Update the user permissions” capability.","The “Update the user permissions” control is visible and enabled on this page; the user may perform the action.","The “Update the user permissions” control is hidden or disabled on this page; the action is not permitted (and is rejected if attempted directly).","Grant “Update the user permissions” to the target role via Users → Role Permissions (or to the user directly from the branch-admin user list), open this page as that user, and confirm the control is available. Then revoke it and confirm the control disappears / the action is blocked.","Yes","Yes"
"Business Admin","Incident Management","Create incident report","","Business Admin → Incident Management: controls the ""Create incident report"" capability.","The ""Create incident report"" control is visible and enabled for the user; the action may be performed.","The ""Create incident report"" control is hidden or disabled; the action is not permitted, and a direct attempt is rejected server-side (403 PERMISSION_DENIED) unless the caller is a business_admin/administrator (who bypass all checks).","Grant ""Create incident report"" to the target role via Users → Role Permissions (or to the user directly from the branch-admin user list), act as that user, and confirm the control is available and works. Then revoke it and confirm the control disappears / the action is blocked.","",""
"Business Admin","Incident Management","Update incident report","","Business Admin → Incident Management: controls the ""Update incident report"" capability.","The ""Update incident report"" control is visible and enabled for the user; the action may be performed.","The ""Update incident report"" control is hidden or disabled; the action is not permitted, and a direct attempt is rejected server-side (403 PERMISSION_DENIED) unless the caller is a business_admin/administrator (who bypass all checks).","Grant ""Update incident report"" to the target role via Users → Role Permissions (or to the user directly from the branch-admin user list), act as that user, and confirm the control is available and works. Then revoke it and confirm the control disappears / the action is blocked.","",""
"Business Admin","Incident Management","Reassign to other user","","Business Admin → Incident Management: controls the ""Reassign to other user"" capability.","The ""Reassign to other user"" control is visible and enabled for the user; the action may be performed.","The ""Reassign to other user"" control is hidden or disabled; the action is not permitted, and a direct attempt is rejected server-side (403 PERMISSION_DENIED) unless the caller is a business_admin/administrator (who bypass all checks).","Grant ""Reassign to other user"" to the target role via Users → Role Permissions (or to the user directly from the branch-admin user list), act as that user, and confirm the control is available and works. Then revoke it and confirm the control disappears / the action is blocked.","",""
"Business Admin","Incident Management","Delete incident report","","Business Admin → Incident Management: controls the ""Delete incident report"" capability.","The ""Delete incident report"" control is visible and enabled for the user; the action may be performed.","The ""Delete incident report"" control is hidden or disabled; the action is not permitted, and a direct attempt is rejected server-side (403 PERMISSION_DENIED) unless the caller is a business_admin/administrator (who bypass all checks).","Grant ""Delete incident report"" to the target role via Users → Role Permissions (or to the user directly from the branch-admin user list), act as that user, and confirm the control is available and works. Then revoke it and confirm the control disappears / the action is blocked.","",""
"Business Admin","Incident Management","Update the status","","Business Admin → Incident Management: controls the ""Update the status"" capability.","The ""Update the status"" control is visible and enabled for the user; the action may be performed.","The ""Update the status"" control is hidden or disabled; the action is not permitted, and a direct attempt is rejected server-side (403 PERMISSION_DENIED) unless the caller is a business_admin/administrator (who bypass all checks).","Grant ""Update the status"" to the target role via Users → Role Permissions (or to the user directly from the branch-admin user list), act as that user, and confirm the control is available and works. Then revoke it and confirm the control disappears / the action is blocked.","",""
"Business Admin","Incident Management","Close the incident","","Business Admin → Incident Management: controls the ""Close the incident"" capability.","The ""Close the incident"" control is visible and enabled for the user; the action may be performed.","The ""Close the incident"" control is hidden or disabled; the action is not permitted, and a direct attempt is rejected server-side (403 PERMISSION_DENIED) unless the caller is a business_admin/administrator (who bypass all checks).","Grant ""Close the incident"" to the target role via Users → Role Permissions (or to the user directly from the branch-admin user list), act as that user, and confirm the control is available and works. Then revoke it and confirm the control disappears / the action is blocked.","",""
"Business Admin","Lab Test Settings","Add image settings","Business Admin → Lab Test Settings","Business Admin → Lab Test Settings: controls the “Add image settings” capability.","The “Add image settings” control is visible and enabled on this page; the user may perform the action.","The “Add image settings” control is hidden or disabled on this page; the action is not permitted (and is rejected if attempted directly).","Grant “Add image settings” to the target role via Users → Role Permissions (or to the user directly from the branch-admin user list), open this page as that user, and confirm the control is available. Then revoke it and confirm the control disappears / the action is blocked.","Yes","Yes"
"Business Admin","Lab Test Settings","Edit image settings","Business Admin → Lab Test Settings","Business Admin → Lab Test Settings: controls the “Edit image settings” capability.","The “Edit image settings” control is visible and enabled on this page; the user may perform the action.","The “Edit image settings” control is hidden or disabled on this page; the action is not permitted (and is rejected if attempted directly).","Grant “Edit image settings” to the target role via Users → Role Permissions (or to the user directly from the branch-admin user list), open this page as that user, and confirm the control is available. Then revoke it and confirm the control disappears / the action is blocked.","Yes","Yes"
"Business Admin","Lab Test Settings","Delete image settings","Business Admin → Lab Test Settings","Business Admin → Lab Test Settings: controls the “Delete image settings” capability.","The “Delete image settings” control is visible and enabled on this page; the user may perform the action.","The “Delete image settings” control is hidden or disabled on this page; the action is not permitted (and is rejected if attempted directly).","Grant “Delete image settings” to the target role via Users → Role Permissions (or to the user directly from the branch-admin user list), open this page as that user, and confirm the control is available. Then revoke it and confirm the control disappears / the action is blocked.","Yes","Yes"
"Business Admin","Lab Test Settings","Add icon settings","Business Admin → Lab Test Settings","Business Admin → Lab Test Settings: controls the “Add icon settings” capability.","The “Add icon settings” control is visible and enabled on this page; the user may perform the action.","The “Add icon settings” control is hidden or disabled on this page; the action is not permitted (and is rejected if attempted directly).","Grant “Add icon settings” to the target role via Users → Role Permissions (or to the user directly from the branch-admin user list), open this page as that user, and confirm the control is available. Then revoke it and confirm the control disappears / the action is blocked.","Yes","Yes"
"Business Admin","Lab Test Settings","Edit icon settings","Business Admin → Lab Test Settings","Business Admin → Lab Test Settings: controls the “Edit icon settings” capability.","The “Edit icon settings” control is visible and enabled on this page; the user may perform the action.","The “Edit icon settings” control is hidden or disabled on this page; the action is not permitted (and is rejected if attempted directly).","Grant “Edit icon settings” to the target role via Users → Role Permissions (or to the user directly from the branch-admin user list), open this page as that user, and confirm the control is available. Then revoke it and confirm the control disappears / the action is blocked.","Yes","Yes"
"Business Admin","Lab Test Settings","Delete icon settings","Business Admin → Lab Test Settings","Business Admin → Lab Test Settings: controls the “Delete icon settings” capability.","The “Delete icon settings” control is visible and enabled on this page; the user may perform the action.","The “Delete icon settings” control is hidden or disabled on this page; the action is not permitted (and is rejected if attempted directly).","Grant “Delete icon settings” to the target role via Users → Role Permissions (or to the user directly from the branch-admin user list), open this page as that user, and confirm the control is available. Then revoke it and confirm the control disappears / the action is blocked.","Yes","Yes"
"Business Admin","Lab Test Settings","Add pdf settings","Business Admin → Lab Test Settings","Business Admin → Lab Test Settings: controls the “Add pdf settings” capability.","The “Add pdf settings” control is visible and enabled on this page; the user may perform the action.","The “Add pdf settings” control is hidden or disabled on this page; the action is not permitted (and is rejected if attempted directly).","Grant “Add pdf settings” to the target role via Users → Role Permissions (or to the user directly from the branch-admin user list), open this page as that user, and confirm the control is available. Then revoke it and confirm the control disappears / the action is blocked.","Yes","Yes"
"Business Admin","Lab Test Settings","Edit pdf settings","Business Admin → Lab Test Settings","Business Admin → Lab Test Settings: controls the “Edit pdf settings” capability.","The “Edit pdf settings” control is visible and enabled on this page; the user may perform the action.","The “Edit pdf settings” control is hidden or disabled on this page; the action is not permitted (and is rejected if attempted directly).","Grant “Edit pdf settings” to the target role via Users → Role Permissions (or to the user directly from the branch-admin user list), open this page as that user, and confirm the control is available. Then revoke it and confirm the control disappears / the action is blocked.","Yes","Yes"
"Business Admin","Lab Test Settings","Delete pdf settings","Business Admin → Lab Test Settings","Business Admin → Lab Test Settings: controls the “Delete pdf settings” capability.","The “Delete pdf settings” control is visible and enabled on this page; the user may perform the action.","The “Delete pdf settings” control is hidden or disabled on this page; the action is not permitted (and is rejected if attempted directly).","Grant “Delete pdf settings” to the target role via Users → Role Permissions (or to the user directly from the branch-admin user list), open this page as that user, and confirm the control is available. Then revoke it and confirm the control disappears / the action is blocked.","Yes","Yes"
"Business Admin","Lab Test Settings","Add group layout","Business Admin → Lab Test Settings","Business Admin → Lab Test Settings: controls the “Add group layout” capability.","The “Add group layout” control is visible and enabled on this page; the user may perform the action.","The “Add group layout” control is hidden or disabled on this page; the action is not permitted (and is rejected if attempted directly).","Grant “Add group layout” to the target role via Users → Role Permissions (or to the user directly from the branch-admin user list), open this page as that user, and confirm the control is available. Then revoke it and confirm the control disappears / the action is blocked.","Yes","Yes"
"Business Admin","Lab Test Settings","Edit group layout","Business Admin → Lab Test Settings","Business Admin → Lab Test Settings: controls the “Edit group layout” capability.","The “Edit group layout” control is visible and enabled on this page; the user may perform the action.","The “Edit group layout” control is hidden or disabled on this page; the action is not permitted (and is rejected if attempted directly).","Grant “Edit group layout” to the target role via Users → Role Permissions (or to the user directly from the branch-admin user list), open this page as that user, and confirm the control is available. Then revoke it and confirm the control disappears / the action is blocked.","Yes","Yes"
"Business Admin","Lab Test Settings","Delete group layout","Business Admin → Lab Test Settings","Business Admin → Lab Test Settings: controls the “Delete group layout” capability.","The “Delete group layout” control is visible and enabled on this page; the user may perform the action.","The “Delete group layout” control is hidden or disabled on this page; the action is not permitted (and is rejected if attempted directly).","Grant “Delete group layout” to the target role via Users → Role Permissions (or to the user directly from the branch-admin user list), open this page as that user, and confirm the control is available. Then revoke it and confirm the control disappears / the action is blocked.","Yes","Yes"
"Business Admin","Templates","Add SMS template","Business Admin → Templates","Business Admin → Templates: controls the “Add SMS template” capability.","The “Add SMS template” control is visible and enabled on this page; the user may perform the action.","The “Add SMS template” control is hidden or disabled on this page; the action is not permitted (and is rejected if attempted directly).","Grant “Add SMS template” to the target role via Users → Role Permissions (or to the user directly from the branch-admin user list), open this page as that user, and confirm the control is available. Then revoke it and confirm the control disappears / the action is blocked.","Yes","Yes"
"Business Admin","Templates","Edit SMS template","Business Admin → Templates","Business Admin → Templates: controls the “Edit SMS template” capability.","The “Edit SMS template” control is visible and enabled on this page; the user may perform the action.","The “Edit SMS template” control is hidden or disabled on this page; the action is not permitted (and is rejected if attempted directly).","Grant “Edit SMS template” to the target role via Users → Role Permissions (or to the user directly from the branch-admin user list), open this page as that user, and confirm the control is available. Then revoke it and confirm the control disappears / the action is blocked.","Yes","Yes"
"Business Admin","Templates","Delete SMS template","Business Admin → Templates","Business Admin → Templates: controls the “Delete SMS template” capability.","The “Delete SMS template” control is visible and enabled on this page; the user may perform the action.","The “Delete SMS template” control is hidden or disabled on this page; the action is not permitted (and is rejected if attempted directly).","Grant “Delete SMS template” to the target role via Users → Role Permissions (or to the user directly from the branch-admin user list), open this page as that user, and confirm the control is available. Then revoke it and confirm the control disappears / the action is blocked.","Yes","Yes"
"Business Admin","Templates","Add email template","Business Admin → Templates","Business Admin → Templates: controls the “Add email template” capability.","The “Add email template” control is visible and enabled on this page; the user may perform the action.","The “Add email template” control is hidden or disabled on this page; the action is not permitted (and is rejected if attempted directly).","Grant “Add email template” to the target role via Users → Role Permissions (or to the user directly from the branch-admin user list), open this page as that user, and confirm the control is available. Then revoke it and confirm the control disappears / the action is blocked.","Yes","Yes"
"Business Admin","Templates","Edit email template","Business Admin → Templates","Business Admin → Templates: controls the “Edit email template” capability.","The “Edit email template” control is visible and enabled on this page; the user may perform the action.","The “Edit email template” control is hidden or disabled on this page; the action is not permitted (and is rejected if attempted directly).","Grant “Edit email template” to the target role via Users → Role Permissions (or to the user directly from the branch-admin user list), open this page as that user, and confirm the control is available. Then revoke it and confirm the control disappears / the action is blocked.","Yes","Yes"
"Business Admin","Templates","Delete email template","Business Admin → Templates","Business Admin → Templates: controls the “Delete email template” capability.","The “Delete email template” control is visible and enabled on this page; the user may perform the action.","The “Delete email template” control is hidden or disabled on this page; the action is not permitted (and is rejected if attempted directly).","Grant “Delete email template” to the target role via Users → Role Permissions (or to the user directly from the branch-admin user list), open this page as that user, and confirm the control is available. Then revoke it and confirm the control disappears / the action is blocked.","Yes","Yes"
"Business Admin","Templates","Add whatsapp template","Business Admin → Templates","Business Admin → Templates: controls the “Add whatsapp template” capability.","The “Add whatsapp template” control is visible and enabled on this page; the user may perform the action.","The “Add whatsapp template” control is hidden or disabled on this page; the action is not permitted (and is rejected if attempted directly).","Grant “Add whatsapp template” to the target role via Users → Role Permissions (or to the user directly from the branch-admin user list), open this page as that user, and confirm the control is available. Then revoke it and confirm the control disappears / the action is blocked.","Yes","Yes"
"Business Admin","Templates","Edit whatsapp template","Business Admin → Templates","Business Admin → Templates: controls the “Edit whatsapp template” capability.","The “Edit whatsapp template” control is visible and enabled on this page; the user may perform the action.","The “Edit whatsapp template” control is hidden or disabled on this page; the action is not permitted (and is rejected if attempted directly).","Grant “Edit whatsapp template” to the target role via Users → Role Permissions (or to the user directly from the branch-admin user list), open this page as that user, and confirm the control is available. Then revoke it and confirm the control disappears / the action is blocked.","Yes","Yes"
"Business Admin","Templates","Delete whatsapp template","Business Admin → Templates","Business Admin → Templates: controls the “Delete whatsapp template” capability.","The “Delete whatsapp template” control is visible and enabled on this page; the user may perform the action.","The “Delete whatsapp template” control is hidden or disabled on this page; the action is not permitted (and is rejected if attempted directly).","Grant “Delete whatsapp template” to the target role via Users → Role Permissions (or to the user directly from the branch-admin user list), open this page as that user, and confirm the control is available. Then revoke it and confirm the control disappears / the action is blocked.","Yes","Yes"
"Business Admin","Templates","Add consent form","Business Admin → Templates","Business Admin → Templates: controls the “Add consent form” capability.","The “Add consent form” control is visible and enabled on this page; the user may perform the action.","The “Add consent form” control is hidden or disabled on this page; the action is not permitted (and is rejected if attempted directly).","Grant “Add consent form” to the target role via Users → Role Permissions (or to the user directly from the branch-admin user list), open this page as that user, and confirm the control is available. Then revoke it and confirm the control disappears / the action is blocked.","Yes","Yes"
"Business Admin","Templates","Edit consent form","Business Admin → Templates","Business Admin → Templates: controls the “Edit consent form” capability.","The “Edit consent form” control is visible and enabled on this page; the user may perform the action.","The “Edit consent form” control is hidden or disabled on this page; the action is not permitted (and is rejected if attempted directly).","Grant “Edit consent form” to the target role via Users → Role Permissions (or to the user directly from the branch-admin user list), open this page as that user, and confirm the control is available. Then revoke it and confirm the control disappears / the action is blocked.","Yes","Yes"
"Business Admin","Templates","Delete consent form","Business Admin → Templates","Business Admin → Templates: controls the “Delete consent form” capability.","The “Delete consent form” control is visible and enabled on this page; the user may perform the action.","The “Delete consent form” control is hidden or disabled on this page; the action is not permitted (and is rejected if attempted directly).","Grant “Delete consent form” to the target role via Users → Role Permissions (or to the user directly from the branch-admin user list), open this page as that user, and confirm the control is available. Then revoke it and confirm the control disappears / the action is blocked.","Yes","Yes"
"Business Admin","Templates","Add report template","Business Admin → Templates","Business Admin → Templates: controls the “Add report template” capability.","The “Add report template” control is visible and enabled on this page; the user may perform the action.","The “Add report template” control is hidden or disabled on this page; the action is not permitted (and is rejected if attempted directly).","Grant “Add report template” to the target role via Users → Role Permissions (or to the user directly from the branch-admin user list), open this page as that user, and confirm the control is available. Then revoke it and confirm the control disappears / the action is blocked.","Yes","Yes"
"Business Admin","Templates","Edit report template","Business Admin → Templates","Business Admin → Templates: controls the “Edit report template” capability.","The “Edit report template” control is visible and enabled on this page; the user may perform the action.","The “Edit report template” control is hidden or disabled on this page; the action is not permitted (and is rejected if attempted directly).","Grant “Edit report template” to the target role via Users → Role Permissions (or to the user directly from the branch-admin user list), open this page as that user, and confirm the control is available. Then revoke it and confirm the control disappears / the action is blocked.","Yes","Yes"
"Business Admin","Templates","Delete report template","Business Admin → Templates","Business Admin → Templates: controls the “Delete report template” capability.","The “Delete report template” control is visible and enabled on this page; the user may perform the action.","The “Delete report template” control is hidden or disabled on this page; the action is not permitted (and is rejected if attempted directly).","Grant “Delete report template” to the target role via Users → Role Permissions (or to the user directly from the branch-admin user list), open this page as that user, and confirm the control is available. Then revoke it and confirm the control disappears / the action is blocked.","Yes","Yes"
"Business Admin","Referral Panel Settings","View referral panel settings","Business Admin → Referral Panel Settings","Business Admin → Referral Panel Settings: controls the “View referral panel settings” capability.","The “View referral panel settings” control is visible and enabled on this page; the user may perform the action.","The “View referral panel settings” control is hidden or disabled on this page; the action is not permitted (and is rejected if attempted directly).","Grant “View referral panel settings” to the target role via Users → Role Permissions (or to the user directly from the branch-admin user list), open this page as that user, and confirm the control is available. Then revoke it and confirm the control disappears / the action is blocked.","Yes","N/A"
"Business Admin","Machines","View machines","Business Admin → Machines","Business Admin → Machines: controls the “View machines” capability.","The “View machines” control is visible and enabled on this page; the user may perform the action.","The “View machines” control is hidden or disabled on this page; the action is not permitted (and is rejected if attempted directly).","Grant “View machines” to the target role via Users → Role Permissions (or to the user directly from the branch-admin user list), open this page as that user, and confirm the control is available. Then revoke it and confirm the control disappears / the action is blocked.","Yes","N/A"
"Branch Admin","Master Data","Import master lab tests","Branch Admin → Lab Configuration → Master Data","Branch Admin → Master Data: controls the “Import master lab tests” capability.","The “Import master lab tests” control is visible and enabled on this page; the user may perform the action.","The “Import master lab tests” control is hidden or disabled on this page; the action is not permitted (and is rejected if attempted directly).","Grant “Import master lab tests” to the target role via Users → Role Permissions (or to the user directly from the branch-admin user list), open this page as that user, and confirm the control is available. Then revoke it and confirm the control disappears / the action is blocked.","Yes","Yes"
"Branch Admin","Master Data","Import master lab panels","Branch Admin → Lab Configuration → Master Data","Branch Admin → Master Data: controls the “Import master lab panels” capability.","The “Import master lab panels” control is visible and enabled on this page; the user may perform the action.","The “Import master lab panels” control is hidden or disabled on this page; the action is not permitted (and is rejected if attempted directly).","Grant “Import master lab panels” to the target role via Users → Role Permissions (or to the user directly from the branch-admin user list), open this page as that user, and confirm the control is available. Then revoke it and confirm the control disappears / the action is blocked.","Yes","Yes"
"Branch Admin","Lab Test List","Add lab test list","Branch Admin → Lab Configuration → Lab Test List","Branch Admin → Lab Test List: controls the “Add lab test list” capability.","The “Add lab test list” control is visible and enabled on this page; the user may perform the action.","The “Add lab test list” control is hidden or disabled on this page; the action is not permitted (and is rejected if attempted directly).","Grant “Add lab test list” to the target role via Users → Role Permissions (or to the user directly from the branch-admin user list), open this page as that user, and confirm the control is available. Then revoke it and confirm the control disappears / the action is blocked.","Yes","Yes"
"Branch Admin","Lab Test List","Bulk edit test list","Branch Admin → Lab Configuration → Lab Test List","Branch Admin → Lab Test List: controls the “Bulk edit test list” capability.","The “Bulk edit test list” control is visible and enabled on this page; the user may perform the action.","The “Bulk edit test list” control is hidden or disabled on this page; the action is not permitted (and is rejected if attempted directly).","Grant “Bulk edit test list” to the target role via Users → Role Permissions (or to the user directly from the branch-admin user list), open this page as that user, and confirm the control is available. Then revoke it and confirm the control disappears / the action is blocked.","Yes",""
"Branch Admin","Lab Test List","Delete test list","Branch Admin → Lab Configuration → Lab Test List","Branch Admin → Lab Test List: controls the “Delete test list” capability.","The “Delete test list” control is visible and enabled on this page; the user may perform the action.","The “Delete test list” control is hidden or disabled on this page; the action is not permitted (and is rejected if attempted directly).","Grant “Delete test list” to the target role via Users → Role Permissions (or to the user directly from the branch-admin user list), open this page as that user, and confirm the control is available. Then revoke it and confirm the control disappears / the action is blocked.","Yes","Yes"
"Branch Admin","Lab Test List","Clone list","Branch Admin → Lab Configuration → Lab Test List","Branch Admin → Lab Test List: controls the “Clone list” capability.","The “Clone list” control is visible and enabled on this page; the user may perform the action.","The “Clone list” control is hidden or disabled on this page; the action is not permitted (and is rejected if attempted directly).","Grant “Clone list” to the target role via Users → Role Permissions (or to the user directly from the branch-admin user list), open this page as that user, and confirm the control is available. Then revoke it and confirm the control disappears / the action is blocked.","Yes","Yes"
"Branch Admin","Lab Test List","Rename list","Branch Admin → Lab Configuration → Lab Test List","Branch Admin → Lab Test List: controls the “Rename list” capability.","The “Rename list” control is visible and enabled on this page; the user may perform the action.","The “Rename list” control is hidden or disabled on this page; the action is not permitted (and is rejected if attempted directly).","Grant “Rename list” to the target role via Users → Role Permissions (or to the user directly from the branch-admin user list), open this page as that user, and confirm the control is available. Then revoke it and confirm the control disappears / the action is blocked.","Yes","Yes"
"Branch Admin","Lab Test List","Import master data into test list","Branch Admin → Lab Configuration → Lab Test List","Branch Admin → Lab Test List: controls the “Import master data into test list” capability.","The “Import master data into test list” control is visible and enabled on this page; the user may perform the action.","The “Import master data into test list” control is hidden or disabled on this page; the action is not permitted (and is rejected if attempted directly).","Grant “Import master data into test list” to the target role via Users → Role Permissions (or to the user directly from the branch-admin user list), open this page as that user, and confirm the control is available. Then revoke it and confirm the control disappears / the action is blocked.","Yes",""
"Branch Admin","Lab Panel List","Add lab panel list","Branch Admin → Lab Configuration → Lab Panel List","Branch Admin → Lab Panel List: controls the “Add lab panel list” capability.","The “Add lab panel list” control is visible and enabled on this page; the user may perform the action.","The “Add lab panel list” control is hidden or disabled on this page; the action is not permitted (and is rejected if attempted directly).","Grant “Add lab panel list” to the target role via Users → Role Permissions (or to the user directly from the branch-admin user list), open this page as that user, and confirm the control is available. Then revoke it and confirm the control disappears / the action is blocked.","Yes","Yes"
"Branch Admin","Lab Panel List","Bulk edit panel list","Branch Admin → Lab Configuration → Lab Panel List","Branch Admin → Lab Panel List: controls the “Bulk edit panel list” capability.","The “Bulk edit panel list” control is visible and enabled on this page; the user may perform the action.","The “Bulk edit panel list” control is hidden or disabled on this page; the action is not permitted (and is rejected if attempted directly).","Grant “Bulk edit panel list” to the target role via Users → Role Permissions (or to the user directly from the branch-admin user list), open this page as that user, and confirm the control is available. Then revoke it and confirm the control disappears / the action is blocked.","Yes",""
"Branch Admin","Lab Panel List","Delete panel list","Branch Admin → Lab Configuration → Lab Panel List","Branch Admin → Lab Panel List: controls the “Delete panel list” capability.","The “Delete panel list” control is visible and enabled on this page; the user may perform the action.","The “Delete panel list” control is hidden or disabled on this page; the action is not permitted (and is rejected if attempted directly).","Grant “Delete panel list” to the target role via Users → Role Permissions (or to the user directly from the branch-admin user list), open this page as that user, and confirm the control is available. Then revoke it and confirm the control disappears / the action is blocked.","Yes","Yes"
"Branch Admin","Lab Panel List","Clone list","Branch Admin → Lab Configuration → Lab Panel List","Branch Admin → Lab Panel List: controls the “Clone list” capability.","The “Clone list” control is visible and enabled on this page; the user may perform the action.","The “Clone list” control is hidden or disabled on this page; the action is not permitted (and is rejected if attempted directly).","Grant “Clone list” to the target role via Users → Role Permissions (or to the user directly from the branch-admin user list), open this page as that user, and confirm the control is available. Then revoke it and confirm the control disappears / the action is blocked.","Yes","Yes"
"Branch Admin","Lab Panel List","Rename list","Branch Admin → Lab Configuration → Lab Panel List","Branch Admin → Lab Panel List: controls the “Rename list” capability.","The “Rename list” control is visible and enabled on this page; the user may perform the action.","The “Rename list” control is hidden or disabled on this page; the action is not permitted (and is rejected if attempted directly).","Grant “Rename list” to the target role via Users → Role Permissions (or to the user directly from the branch-admin user list), open this page as that user, and confirm the control is available. Then revoke it and confirm the control disappears / the action is blocked.","Yes","Yes"
"Branch Admin","Lab Panel List","Import master data into panel list","Branch Admin → Lab Configuration → Lab Panel List","Branch Admin → Lab Panel List: controls the “Import master data into panel list” capability.","The “Import master data into panel list” control is visible and enabled on this page; the user may perform the action.","The “Import master data into panel list” control is hidden or disabled on this page; the action is not permitted (and is rejected if attempted directly).","Grant “Import master data into panel list” to the target role via Users → Role Permissions (or to the user directly from the branch-admin user list), open this page as that user, and confirm the control is available. Then revoke it and confirm the control disappears / the action is blocked.","Yes",""
"Branch Admin","Outsource Centers","Add outsource center","Branch Admin → Lab Configuration → Outsource Centers","Branch Admin → Outsource Centers: controls the “Add outsource center” capability.","The “Add outsource center” control is visible and enabled on this page; the user may perform the action.","The “Add outsource center” control is hidden or disabled on this page; the action is not permitted (and is rejected if attempted directly).","Grant “Add outsource center” to the target role via Users → Role Permissions (or to the user directly from the branch-admin user list), open this page as that user, and confirm the control is available. Then revoke it and confirm the control disappears / the action is blocked.","Yes","Yes"
"Branch Admin","Outsource Centers","Update outsource center","Branch Admin → Lab Configuration → Outsource Centers","Branch Admin → Outsource Centers: controls the “Update outsource center” capability.","The “Update outsource center” control is visible and enabled on this page; the user may perform the action.","The “Update outsource center” control is hidden or disabled on this page; the action is not permitted (and is rejected if attempted directly).","Grant “Update outsource center” to the target role via Users → Role Permissions (or to the user directly from the branch-admin user list), open this page as that user, and confirm the control is available. Then revoke it and confirm the control disappears / the action is blocked.","Yes","Yes"
"Branch Admin","Outsource Centers","Delete outsource center","Branch Admin → Lab Configuration → Outsource Centers","Branch Admin → Outsource Centers: controls the “Delete outsource center” capability.","The “Delete outsource center” control is visible and enabled on this page; the user may perform the action.","The “Delete outsource center” control is hidden or disabled on this page; the action is not permitted (and is rejected if attempted directly).","Grant “Delete outsource center” to the target role via Users → Role Permissions (or to the user directly from the branch-admin user list), open this page as that user, and confirm the control is available. Then revoke it and confirm the control disappears / the action is blocked.","Yes","Yes"
"Branch Admin","Reporting Doctors","Add reporting doctor","Branch Admin → Lab Configuration → Reporting Doctors","Branch Admin → Reporting Doctors: controls the “Add reporting doctor” capability.","The “Add reporting doctor” control is visible and enabled on this page; the user may perform the action.","The “Add reporting doctor” control is hidden or disabled on this page; the action is not permitted (and is rejected if attempted directly).","Grant “Add reporting doctor” to the target role via Users → Role Permissions (or to the user directly from the branch-admin user list), open this page as that user, and confirm the control is available. Then revoke it and confirm the control disappears / the action is blocked.","","Yes"
"Branch Admin","Reporting Doctors","Update reporting doctor","Branch Admin → Lab Configuration → Reporting Doctors","Branch Admin → Reporting Doctors: controls the “Update reporting doctor” capability.","The “Update reporting doctor” control is visible and enabled on this page; the user may perform the action.","The “Update reporting doctor” control is hidden or disabled on this page; the action is not permitted (and is rejected if attempted directly).","Grant “Update reporting doctor” to the target role via Users → Role Permissions (or to the user directly from the branch-admin user list), open this page as that user, and confirm the control is available. Then revoke it and confirm the control disappears / the action is blocked.","","Yes"
"Branch Admin","Reporting Doctors","Delete reporting doctor","Branch Admin → Lab Configuration → Reporting Doctors","Branch Admin → Reporting Doctors: controls the “Delete reporting doctor” capability.","The “Delete reporting doctor” control is visible and enabled on this page; the user may perform the action.","The “Delete reporting doctor” control is hidden or disabled on this page; the action is not permitted (and is rejected if attempted directly).","Grant “Delete reporting doctor” to the target role via Users → Role Permissions (or to the user directly from the branch-admin user list), open this page as that user, and confirm the control is available. Then revoke it and confirm the control disappears / the action is blocked.","","Yes"
"Branch Admin","Consultant Doctors","Add consultant doctor","Branch Admin → Lab Configuration → Consultant Doctors","Branch Admin → Consultant Doctors: controls the “Add consultant doctor” capability.","The “Add consultant doctor” control is visible and enabled on this page; the user may perform the action.","The “Add consultant doctor” control is hidden or disabled on this page; the action is not permitted (and is rejected if attempted directly).","Grant “Add consultant doctor” to the target role via Users → Role Permissions (or to the user directly from the branch-admin user list), open this page as that user, and confirm the control is available. Then revoke it and confirm the control disappears / the action is blocked.","Yes","Yes"
"Branch Admin","Consultant Doctors","Update consultant doctor","Branch Admin → Lab Configuration → Consultant Doctors","Branch Admin → Consultant Doctors: controls the “Update consultant doctor” capability.","The “Update consultant doctor” control is visible and enabled on this page; the user may perform the action.","The “Update consultant doctor” control is hidden or disabled on this page; the action is not permitted (and is rejected if attempted directly).","Grant “Update consultant doctor” to the target role via Users → Role Permissions (or to the user directly from the branch-admin user list), open this page as that user, and confirm the control is available. Then revoke it and confirm the control disappears / the action is blocked.","Yes","Yes"
"Branch Admin","Consultant Doctors","Delete consultant doctor","Branch Admin → Lab Configuration → Consultant Doctors","Branch Admin → Consultant Doctors: controls the “Delete consultant doctor” capability.","The “Delete consultant doctor” control is visible and enabled on this page; the user may perform the action.","The “Delete consultant doctor” control is hidden or disabled on this page; the action is not permitted (and is rejected if attempted directly).","Grant “Delete consultant doctor” to the target role via Users → Role Permissions (or to the user directly from the branch-admin user list), open this page as that user, and confirm the control is available. Then revoke it and confirm the control disappears / the action is blocked.","","Yes"
"Branch Admin","Referrals","Add referral panel","Branch Admin → Lab Configuration → Referrals","Branch Admin → Referrals: controls the “Add referral panel” capability.","The “Add referral panel” control is visible and enabled on this page; the user may perform the action.","The “Add referral panel” control is hidden or disabled on this page; the action is not permitted (and is rejected if attempted directly).","Grant “Add referral panel” to the target role via Users → Role Permissions (or to the user directly from the branch-admin user list), open this page as that user, and confirm the control is available. Then revoke it and confirm the control disappears / the action is blocked.","Yes","Yes"
"Branch Admin","Referrals","Update referral panel","Branch Admin → Lab Configuration → Referrals","Branch Admin → Referrals: controls the “Update referral panel” capability.","The “Update referral panel” control is visible and enabled on this page; the user may perform the action.","The “Update referral panel” control is hidden or disabled on this page; the action is not permitted (and is rejected if attempted directly).","Grant “Update referral panel” to the target role via Users → Role Permissions (or to the user directly from the branch-admin user list), open this page as that user, and confirm the control is available. Then revoke it and confirm the control disappears / the action is blocked.","Yes","Yes"
"Branch Admin","Referrals","Delete referral panel","Branch Admin → Lab Configuration → Referrals","Branch Admin → Referrals: controls the “Delete referral panel” capability.","The “Delete referral panel” control is visible and enabled on this page; the user may perform the action.","The “Delete referral panel” control is hidden or disabled on this page; the action is not permitted (and is rejected if attempted directly).","Grant “Delete referral panel” to the target role via Users → Role Permissions (or to the user directly from the branch-admin user list), open this page as that user, and confirm the control is available. Then revoke it and confirm the control disappears / the action is blocked.","Yes","Yes"
"Branch Admin","Referrals","Add referral doctor","Branch Admin → Lab Configuration → Referrals","Branch Admin → Referrals: controls the “Add referral doctor” capability.","The “Add referral doctor” control is visible and enabled on this page; the user may perform the action.","The “Add referral doctor” control is hidden or disabled on this page; the action is not permitted (and is rejected if attempted directly).","Grant “Add referral doctor” to the target role via Users → Role Permissions (or to the user directly from the branch-admin user list), open this page as that user, and confirm the control is available. Then revoke it and confirm the control disappears / the action is blocked.","Yes","Yes"
"Branch Admin","Referrals","Update referral doctor","Branch Admin → Lab Configuration → Referrals","Branch Admin → Referrals: controls the “Update referral doctor” capability.","The “Update referral doctor” control is visible and enabled on this page; the user may perform the action.","The “Update referral doctor” control is hidden or disabled on this page; the action is not permitted (and is rejected if attempted directly).","Grant “Update referral doctor” to the target role via Users → Role Permissions (or to the user directly from the branch-admin user list), open this page as that user, and confirm the control is available. Then revoke it and confirm the control disappears / the action is blocked.","Yes","Yes"
"Branch Admin","Referrals","Delete referral doctor","Branch Admin → Lab Configuration → Referrals","Branch Admin → Referrals: controls the “Delete referral doctor” capability.","The “Delete referral doctor” control is visible and enabled on this page; the user may perform the action.","The “Delete referral doctor” control is hidden or disabled on this page; the action is not permitted (and is rejected if attempted directly).","Grant “Delete referral doctor” to the target role via Users → Role Permissions (or to the user directly from the branch-admin user list), open this page as that user, and confirm the control is available. Then revoke it and confirm the control disappears / the action is blocked.","Yes","Yes"
"Branch Admin","Referrals","Add external referral user","Branch Admin → Lab Configuration → Referrals","Branch Admin → Referrals: controls the “Add external referral user” capability.","The “Add external referral user” control is visible and enabled on this page; the user may perform the action.","The “Add external referral user” control is hidden or disabled on this page; the action is not permitted (and is rejected if attempted directly).","Grant “Add external referral user” to the target role via Users → Role Permissions (or to the user directly from the branch-admin user list), open this page as that user, and confirm the control is available. Then revoke it and confirm the control disappears / the action is blocked.","Yes","Yes"
"Branch Admin","Referrals","Update external referral user","Branch Admin → Lab Configuration → Referrals","Branch Admin → Referrals: controls the “Update external referral user” capability.","The “Update external referral user” control is visible and enabled on this page; the user may perform the action.","The “Update external referral user” control is hidden or disabled on this page; the action is not permitted (and is rejected if attempted directly).","Grant “Update external referral user” to the target role via Users → Role Permissions (or to the user directly from the branch-admin user list), open this page as that user, and confirm the control is available. Then revoke it and confirm the control disappears / the action is blocked.","Yes","Yes"
"Branch Admin","Referrals","Delete external referral user","Branch Admin → Lab Configuration → Referrals","Branch Admin → Referrals: controls the “Delete external referral user” capability.","The “Delete external referral user” control is visible and enabled on this page; the user may perform the action.","The “Delete external referral user” control is hidden or disabled on this page; the action is not permitted (and is rejected if attempted directly).","Grant “Delete external referral user” to the target role via Users → Role Permissions (or to the user directly from the branch-admin user list), open this page as that user, and confirm the control is available. Then revoke it and confirm the control disappears / the action is blocked.","Yes","Yes"
"Branch Admin","Referrals","Add internal referral user","Branch Admin → Lab Configuration → Referrals","Branch Admin → Referrals: controls the “Add internal referral user” capability.","The “Add internal referral user” control is visible and enabled on this page; the user may perform the action.","The “Add internal referral user” control is hidden or disabled on this page; the action is not permitted (and is rejected if attempted directly).","Grant “Add internal referral user” to the target role via Users → Role Permissions (or to the user directly from the branch-admin user list), open this page as that user, and confirm the control is available. Then revoke it and confirm the control disappears / the action is blocked.","Yes","Yes"
"Branch Admin","Referrals","Update internal referral user","Branch Admin → Lab Configuration → Referrals","Branch Admin → Referrals: controls the “Update internal referral user” capability.","The “Update internal referral user” control is visible and enabled on this page; the user may perform the action.","The “Update internal referral user” control is hidden or disabled on this page; the action is not permitted (and is rejected if attempted directly).","Grant “Update internal referral user” to the target role via Users → Role Permissions (or to the user directly from the branch-admin user list), open this page as that user, and confirm the control is available. Then revoke it and confirm the control disappears / the action is blocked.","Yes","Yes"
"Branch Admin","Referrals","Delete internal referral user","Branch Admin → Lab Configuration → Referrals","Branch Admin → Referrals: controls the “Delete internal referral user” capability.","The “Delete internal referral user” control is visible and enabled on this page; the user may perform the action.","The “Delete internal referral user” control is hidden or disabled on this page; the action is not permitted (and is rejected if attempted directly).","Grant “Delete internal referral user” to the target role via Users → Role Permissions (or to the user directly from the branch-admin user list), open this page as that user, and confirm the control is available. Then revoke it and confirm the control disappears / the action is blocked.","Yes","Yes"
"Branch Admin","Document Management","Add document","Branch Admin → Lab Configuration → Document Management","Branch Admin → Document Management: controls the “Add document” capability.","The “Add document” control is visible and enabled on this page; the user may perform the action.","The “Add document” control is hidden or disabled on this page; the action is not permitted (and is rejected if attempted directly).","Grant “Add document” to the target role via Users → Role Permissions (or to the user directly from the branch-admin user list), open this page as that user, and confirm the control is available. Then revoke it and confirm the control disappears / the action is blocked.","Yes","Yes"
"Branch Admin","Document Management","Update document","Branch Admin → Lab Configuration → Document Management","Branch Admin → Document Management: controls the “Update document” capability.","The “Update document” control is visible and enabled on this page; the user may perform the action.","The “Update document” control is hidden or disabled on this page; the action is not permitted (and is rejected if attempted directly).","Grant “Update document” to the target role via Users → Role Permissions (or to the user directly from the branch-admin user list), open this page as that user, and confirm the control is available. Then revoke it and confirm the control disappears / the action is blocked.","Yes","Yes"
"Branch Admin","Document Management","Delete document","Branch Admin → Lab Configuration → Document Management","Branch Admin → Document Management: controls the “Delete document” capability.","The “Delete document” control is visible and enabled on this page; the user may perform the action.","The “Delete document” control is hidden or disabled on this page; the action is not permitted (and is rejected if attempted directly).","Grant “Delete document” to the target role via Users → Role Permissions (or to the user directly from the branch-admin user list), open this page as that user, and confirm the control is available. Then revoke it and confirm the control disappears / the action is blocked.","Yes","Yes"
"Branch Admin","Center and Operations","View schedule of branch","Branch Admin → Center & Operations","Branch Admin → Center and Operations: controls the “View schedule of branch” capability.","The “View schedule of branch” control is visible and enabled on this page; the user may perform the action.","The “View schedule of branch” control is hidden or disabled on this page; the action is not permitted (and is rejected if attempted directly).","Grant “View schedule of branch” to the target role via Users → Role Permissions (or to the user directly from the branch-admin user list), open this page as that user, and confirm the control is available. Then revoke it and confirm the control disappears / the action is blocked.","Yes","N/A"
"Branch Admin","Center and Operations","View audit","Branch Admin → Center & Operations","Branch Admin → Center and Operations: controls the “View audit” capability.","The “View audit” control is visible and enabled on this page; the user may perform the action.","The “View audit” control is hidden or disabled on this page; the action is not permitted (and is rejected if attempted directly).","Grant “View audit” to the target role via Users → Role Permissions (or to the user directly from the branch-admin user list), open this page as that user, and confirm the control is available. Then revoke it and confirm the control disappears / the action is blocked.","Yes","N/A"
"Branch Admin","Center and Operations","View subscription plan","Branch Admin → Center & Operations","Branch Admin → Center and Operations: controls the “View subscription plan” capability.","The ""View subscription plan"" control is visible and enabled for the user; the action may be performed.","The ""View subscription plan"" control is hidden or disabled; the action is not permitted, and a direct attempt is rejected server-side (403 PERMISSION_DENIED) unless the caller is a business_admin/administrator (who bypass all checks).","Grant ""View subscription plan"" to the target role via Users → Role Permissions (or to the user directly from the branch-admin user list), act as that user, and confirm the control is available and works. Then revoke it and confirm the control disappears / the action is blocked.","Yes","N/A"
"Branch Admin","User Management","View only users list for assigned branch","Branch Admin → Users (/branch-admin/users)","Branch Admin → User Management: controls the “View only users list for assigned branch” capability.","The “View only users list for assigned branch” control is visible and enabled on this page; the user may perform the action.","The “View only users list for assigned branch” control is hidden or disabled on this page; the action is not permitted (and is rejected if attempted directly).","Grant “View only users list for assigned branch” to the target role via Users → Role Permissions (or to the user directly from the branch-admin user list), open this page as that user, and confirm the control is available. Then revoke it and confirm the control disappears / the action is blocked.","Yes","N/A"
"Branch Admin","User Management","Update users for assigned branch","Branch Admin → Users (/branch-admin/users)","Branch Admin → User Management: controls the “Update users for assigned branch” capability.","The “Update users for assigned branch” control is visible and enabled on this page; the user may perform the action.","The “Update users for assigned branch” control is hidden or disabled on this page; the action is not permitted (and is rejected if attempted directly).","Grant “Update users for assigned branch” to the target role via Users → Role Permissions (or to the user directly from the branch-admin user list), open this page as that user, and confirm the control is available. Then revoke it and confirm the control disappears / the action is blocked.","Yes","Yes"
"Branch Admin","User Management","View only user permissions for assigned branch","Branch Admin → Users (/branch-admin/users)","Branch Admin → User Management: controls the “View only user permissions for assigned branch” capability.","The “View only user permissions for assigned branch” control is visible and enabled on this page; the user may perform the action.","The “View only user permissions for assigned branch” control is hidden or disabled on this page; the action is not permitted (and is rejected if attempted directly).","Grant “View only user permissions for assigned branch” to the target role via Users → Role Permissions (or to the user directly from the branch-admin user list), open this page as that user, and confirm the control is available. Then revoke it and confirm the control disappears / the action is blocked.","Yes","N/A"
"Branch Admin","User Management","Update the user permissions for assigned branch","Branch Admin → Users (/branch-admin/users)","Branch Admin → User Management: controls the “Update the user permissions for assigned branch” capability.","The “Update the user permissions for assigned branch” control is visible and enabled on this page; the user may perform the action.","The “Update the user permissions for assigned branch” control is hidden or disabled on this page; the action is not permitted (and is rejected if attempted directly).","Grant “Update the user permissions for assigned branch” to the target role via Users → Role Permissions (or to the user directly from the branch-admin user list), open this page as that user, and confirm the control is available. Then revoke it and confirm the control disappears / the action is blocked.","Yes","Yes"
"Branch Admin","Incident Management","Create incident report","","Branch Admin → Incident Management: controls the ""Create incident report"" capability.","The ""Create incident report"" control is visible and enabled for the user; the action may be performed.","The ""Create incident report"" control is hidden or disabled; the action is not permitted, and a direct attempt is rejected server-side (403 PERMISSION_DENIED) unless the caller is a business_admin/administrator (who bypass all checks).","Grant ""Create incident report"" to the target role via Users → Role Permissions (or to the user directly from the branch-admin user list), act as that user, and confirm the control is available and works. Then revoke it and confirm the control disappears / the action is blocked.","",""
"Branch Admin","Incident Management","Update incident report","","Branch Admin → Incident Management: controls the ""Update incident report"" capability.","The ""Update incident report"" control is visible and enabled for the user; the action may be performed.","The ""Update incident report"" control is hidden or disabled; the action is not permitted, and a direct attempt is rejected server-side (403 PERMISSION_DENIED) unless the caller is a business_admin/administrator (who bypass all checks).","Grant ""Update incident report"" to the target role via Users → Role Permissions (or to the user directly from the branch-admin user list), act as that user, and confirm the control is available and works. Then revoke it and confirm the control disappears / the action is blocked.","",""
"Branch Admin","Incident Management","Reassign to other user","","Branch Admin → Incident Management: controls the ""Reassign to other user"" capability.","The ""Reassign to other user"" control is visible and enabled for the user; the action may be performed.","The ""Reassign to other user"" control is hidden or disabled; the action is not permitted, and a direct attempt is rejected server-side (403 PERMISSION_DENIED) unless the caller is a business_admin/administrator (who bypass all checks).","Grant ""Reassign to other user"" to the target role via Users → Role Permissions (or to the user directly from the branch-admin user list), act as that user, and confirm the control is available and works. Then revoke it and confirm the control disappears / the action is blocked.","",""
"Branch Admin","Incident Management","Delete incident report","","Branch Admin → Incident Management: controls the ""Delete incident report"" capability.","The ""Delete incident report"" control is visible and enabled for the user; the action may be performed.","The ""Delete incident report"" control is hidden or disabled; the action is not permitted, and a direct attempt is rejected server-side (403 PERMISSION_DENIED) unless the caller is a business_admin/administrator (who bypass all checks).","Grant ""Delete incident report"" to the target role via Users → Role Permissions (or to the user directly from the branch-admin user list), act as that user, and confirm the control is available and works. Then revoke it and confirm the control disappears / the action is blocked.","",""
"Branch Admin","Incident Management","Update the status","","Branch Admin → Incident Management: controls the ""Update the status"" capability.","The ""Update the status"" control is visible and enabled for the user; the action may be performed.","The ""Update the status"" control is hidden or disabled; the action is not permitted, and a direct attempt is rejected server-side (403 PERMISSION_DENIED) unless the caller is a business_admin/administrator (who bypass all checks).","Grant ""Update the status"" to the target role via Users → Role Permissions (or to the user directly from the branch-admin user list), act as that user, and confirm the control is available and works. Then revoke it and confirm the control disappears / the action is blocked.","",""
"Branch Admin","Incident Management","Close the incident","","Branch Admin → Incident Management: controls the ""Close the incident"" capability.","The ""Close the incident"" control is visible and enabled for the user; the action may be performed.","The ""Close the incident"" control is hidden or disabled; the action is not permitted, and a direct attempt is rejected server-side (403 PERMISSION_DENIED) unless the caller is a business_admin/administrator (who bypass all checks).","Grant ""Close the incident"" to the target role via Users → Role Permissions (or to the user directly from the branch-admin user list), act as that user, and confirm the control is available and works. Then revoke it and confirm the control disappears / the action is blocked.","",""
"Branch Admin","Referral Panel Settings","Create cash referral panel settings","Branch Admin → Referral Panel Settings","Branch Admin → Referral Panel Settings: controls the “Create cash referral panel settings” capability.","The “Create cash referral panel settings” control is visible and enabled on this page; the user may perform the action.","The “Create cash referral panel settings” control is hidden or disabled on this page; the action is not permitted (and is rejected if attempted directly).","Grant “Create cash referral panel settings” to the target role via Users → Role Permissions (or to the user directly from the branch-admin user list), open this page as that user, and confirm the control is available. Then revoke it and confirm the control disappears / the action is blocked.","Yes","Yes"
"Branch Admin","Referral Panel Settings","Edit cash referral panel settings","Branch Admin → Referral Panel Settings","Branch Admin → Referral Panel Settings: controls the “Edit cash referral panel settings” capability.","The “Edit cash referral panel settings” control is visible and enabled on this page; the user may perform the action.","The “Edit cash referral panel settings” control is hidden or disabled on this page; the action is not permitted (and is rejected if attempted directly).","Grant “Edit cash referral panel settings” to the target role via Users → Role Permissions (or to the user directly from the branch-admin user list), open this page as that user, and confirm the control is available. Then revoke it and confirm the control disappears / the action is blocked.","Yes","Yes"
"Branch Admin","Referral Panel Settings","Delete cash referral panel settings","Branch Admin → Referral Panel Settings","Branch Admin → Referral Panel Settings: controls the “Delete cash referral panel settings” capability.","The “Delete cash referral panel settings” control is visible and enabled on this page; the user may perform the action.","The “Delete cash referral panel settings” control is hidden or disabled on this page; the action is not permitted (and is rejected if attempted directly).","Grant “Delete cash referral panel settings” to the target role via Users → Role Permissions (or to the user directly from the branch-admin user list), open this page as that user, and confirm the control is available. Then revoke it and confirm the control disappears / the action is blocked.","Yes","Yes"
"Branch Admin","Referral Panel Settings","Create credit referral panel settings","Branch Admin → Referral Panel Settings","Branch Admin → Referral Panel Settings: controls the “Create credit referral panel settings” capability.","The “Create credit referral panel settings” control is visible and enabled on this page; the user may perform the action.","The “Create credit referral panel settings” control is hidden or disabled on this page; the action is not permitted (and is rejected if attempted directly).","Grant “Create credit referral panel settings” to the target role via Users → Role Permissions (or to the user directly from the branch-admin user list), open this page as that user, and confirm the control is available. Then revoke it and confirm the control disappears / the action is blocked.","Yes","Yes"
"Branch Admin","Referral Panel Settings","Edit credit referral panel settings","Branch Admin → Referral Panel Settings","Branch Admin → Referral Panel Settings: controls the “Edit credit referral panel settings” capability.","The “Edit credit referral panel settings” control is visible and enabled on this page; the user may perform the action.","The “Edit credit referral panel settings” control is hidden or disabled on this page; the action is not permitted (and is rejected if attempted directly).","Grant “Edit credit referral panel settings” to the target role via Users → Role Permissions (or to the user directly from the branch-admin user list), open this page as that user, and confirm the control is available. Then revoke it and confirm the control disappears / the action is blocked.","Yes","Yes"
"Branch Admin","Referral Panel Settings","Delete credit referral panel settings","Branch Admin → Referral Panel Settings","Branch Admin → Referral Panel Settings: controls the “Delete credit referral panel settings” capability.","The “Delete credit referral panel settings” control is visible and enabled on this page; the user may perform the action.","The “Delete credit referral panel settings” control is hidden or disabled on this page; the action is not permitted (and is rejected if attempted directly).","Grant “Delete credit referral panel settings” to the target role via Users → Role Permissions (or to the user directly from the branch-admin user list), open this page as that user, and confirm the control is available. Then revoke it and confirm the control disappears / the action is blocked.","Yes","Yes"
"Branch Admin","Referral Panel Settings","Create prepaid referral panel settings","Branch Admin → Referral Panel Settings","Branch Admin → Referral Panel Settings: controls the “Create prepaid referral panel settings” capability.","The “Create prepaid referral panel settings” control is visible and enabled on this page; the user may perform the action.","The “Create prepaid referral panel settings” control is hidden or disabled on this page; the action is not permitted (and is rejected if attempted directly).","Grant “Create prepaid referral panel settings” to the target role via Users → Role Permissions (or to the user directly from the branch-admin user list), open this page as that user, and confirm the control is available. Then revoke it and confirm the control disappears / the action is blocked.","Yes","Yes"
"Branch Admin","Referral Panel Settings","Edit prepaid referral panel settings","Branch Admin → Referral Panel Settings","Branch Admin → Referral Panel Settings: controls the “Edit prepaid referral panel settings” capability.","The “Edit prepaid referral panel settings” control is visible and enabled on this page; the user may perform the action.","The “Edit prepaid referral panel settings” control is hidden or disabled on this page; the action is not permitted (and is rejected if attempted directly).","Grant “Edit prepaid referral panel settings” to the target role via Users → Role Permissions (or to the user directly from the branch-admin user list), open this page as that user, and confirm the control is available. Then revoke it and confirm the control disappears / the action is blocked.","Yes","Yes"
"Branch Admin","Referral Panel Settings","Delete prepaid referral panel settings","Branch Admin → Referral Panel Settings","Branch Admin → Referral Panel Settings: controls the “Delete prepaid referral panel settings” capability.","The “Delete prepaid referral panel settings” control is visible and enabled on this page; the user may perform the action.","The “Delete prepaid referral panel settings” control is hidden or disabled on this page; the action is not permitted (and is rejected if attempted directly).","Grant “Delete prepaid referral panel settings” to the target role via Users → Role Permissions (or to the user directly from the branch-admin user list), open this page as that user, and confirm the control is available. Then revoke it and confirm the control disappears / the action is blocked.","Yes","Yes"
"Branch Admin","Machines","Add machine","Branch Admin → Machines","Branch Admin → Machines: controls the “Add machine” capability.","The “Add machine” control is visible and enabled on this page; the user may perform the action.","The “Add machine” control is hidden or disabled on this page; the action is not permitted (and is rejected if attempted directly).","Grant “Add machine” to the target role via Users → Role Permissions (or to the user directly from the branch-admin user list), open this page as that user, and confirm the control is available. Then revoke it and confirm the control disappears / the action is blocked.","Yes","Yes"
"Branch Admin","Machines","Edit machine","Branch Admin → Machines","Branch Admin → Machines: controls the “Edit machine” capability.","The “Edit machine” control is visible and enabled on this page; the user may perform the action.","The “Edit machine” control is hidden or disabled on this page; the action is not permitted (and is rejected if attempted directly).","Grant “Edit machine” to the target role via Users → Role Permissions (or to the user directly from the branch-admin user list), open this page as that user, and confirm the control is available. Then revoke it and confirm the control disappears / the action is blocked.","Yes","Yes"
"Branch Admin","Machines","Delete machine","Branch Admin → Machines","Branch Admin → Machines: controls the “Delete machine” capability.","The “Delete machine” control is visible and enabled on this page; the user may perform the action.","The “Delete machine” control is hidden or disabled on this page; the action is not permitted (and is rejected if attempted directly).","Grant “Delete machine” to the target role via Users → Role Permissions (or to the user directly from the branch-admin user list), open this page as that user, and confirm the control is available. Then revoke it and confirm the control disappears / the action is blocked.","Yes","Yes"
"Finance","Financial Reports","View billing reports","Finance → Reports (/finance/reports)","Finance → Financial Reports: controls the “View billing reports” capability.","The “View billing reports” control is visible and enabled on this page; the user may perform the action.","The “View billing reports” control is hidden or disabled on this page; the action is not permitted (and is rejected if attempted directly).","Grant “View billing reports” to the target role via Users → Role Permissions (or to the user directly from the branch-admin user list), open this page as that user, and confirm the control is available. Then revoke it and confirm the control disappears / the action is blocked.","Yes","Yes"
"Finance","Financial Reports","View collection reports","Finance → Reports (/finance/reports)","Finance → Financial Reports: controls the “View collection reports” capability.","The “View collection reports” control is visible and enabled on this page; the user may perform the action.","The “View collection reports” control is hidden or disabled on this page; the action is not permitted (and is rejected if attempted directly).","Grant “View collection reports” to the target role via Users → Role Permissions (or to the user directly from the branch-admin user list), open this page as that user, and confirm the control is available. Then revoke it and confirm the control disappears / the action is blocked.","Yes","Yes"
"Finance","Financial Reports","View outstanding reports","Finance → Reports (/finance/reports)","Finance → Financial Reports: controls the “View outstanding reports” capability.","The “View outstanding reports” control is visible and enabled on this page; the user may perform the action.","The “View outstanding reports” control is hidden or disabled on this page; the action is not permitted (and is rejected if attempted directly).","Grant “View outstanding reports” to the target role via Users → Role Permissions (or to the user directly from the branch-admin user list), open this page as that user, and confirm the control is available. Then revoke it and confirm the control disappears / the action is blocked.","Yes","Yes"
"Finance","Financial Reports","View refund reports","Finance → Reports (/finance/reports)","Finance → Financial Reports: controls the “View refund reports” capability.","The “View refund reports” control is visible and enabled on this page; the user may perform the action.","The “View refund reports” control is hidden or disabled on this page; the action is not permitted (and is rejected if attempted directly).","Grant “View refund reports” to the target role via Users → Role Permissions (or to the user directly from the branch-admin user list), open this page as that user, and confirm the control is available. Then revoke it and confirm the control disappears / the action is blocked.","Yes","Yes"
"Finance","Financial Reports","View cancel reports","Finance → Reports (/finance/reports)","Finance → Financial Reports: controls the “View cancel reports” capability.","The “View cancel reports” control is visible and enabled on this page; the user may perform the action.","The “View cancel reports” control is hidden or disabled on this page; the action is not permitted (and is rejected if attempted directly).","Grant “View cancel reports” to the target role via Users → Role Permissions (or to the user directly from the branch-admin user list), open this page as that user, and confirm the control is available. Then revoke it and confirm the control disappears / the action is blocked.","Yes","Yes"
"Finance","Invoice","List view only","Finance → Invoices (/finance/invoices)","Finance → Invoice: controls the “List view only” capability.","The “List view only” control is visible and enabled on this page; the user may perform the action.","The “List view only” control is hidden or disabled on this page; the action is not permitted (and is rejected if attempted directly).","Grant “List view only” to the target role via Users → Role Permissions (or to the user directly from the branch-admin user list), open this page as that user, and confirm the control is available. Then revoke it and confirm the control disappears / the action is blocked.","","Yes"
"Finance","Invoice","Create invoice","Finance → Invoices (/finance/invoices)","Finance → Invoice: controls the “Create invoice” capability.","The “Create invoice” control is visible and enabled on this page; the user may perform the action.","The “Create invoice” control is hidden or disabled on this page; the action is not permitted (and is rejected if attempted directly).","Grant “Create invoice” to the target role via Users → Role Permissions (or to the user directly from the branch-admin user list), open this page as that user, and confirm the control is available. Then revoke it and confirm the control disappears / the action is blocked.","","Yes"
"Finance","Invoice","Cancel invoice","Finance → Invoices (/finance/invoices)","Finance → Invoice: controls the “Cancel invoice” capability.","The “Cancel invoice” control is visible and enabled on this page; the user may perform the action.","The “Cancel invoice” control is hidden or disabled on this page; the action is not permitted (and is rejected if attempted directly).","Grant “Cancel invoice” to the target role via Users → Role Permissions (or to the user directly from the branch-admin user list), open this page as that user, and confirm the control is available. Then revoke it and confirm the control disappears / the action is blocked.","Yes","Yes"
"Finance","Invoice","Receive invoice payment","Finance → Invoices (/finance/invoices)","Finance → Invoice: controls the “Receive invoice payment” capability.","The “Receive invoice payment” control is visible and enabled on this page; the user may perform the action.","The “Receive invoice payment” control is hidden or disabled on this page; the action is not permitted (and is rejected if attempted directly).","Grant “Receive invoice payment” to the target role via Users → Role Permissions (or to the user directly from the branch-admin user list), open this page as that user, and confirm the control is available. Then revoke it and confirm the control disappears / the action is blocked.","Yes","Yes"
"Finance","Settlements","List view only","Finance → Settlements (/finance/settlements)","Finance → Settlements: controls the “List view only” capability.","The “List view only” control is visible and enabled on this page; the user may perform the action.","The “List view only” control is hidden or disabled on this page; the action is not permitted (and is rejected if attempted directly).","Grant “List view only” to the target role via Users → Role Permissions (or to the user directly from the branch-admin user list), open this page as that user, and confirm the control is available. Then revoke it and confirm the control disappears / the action is blocked.","Yes","Yes"
"Finance","Settlements","Create settlement","Finance → Settlements (/finance/settlements)","Finance → Settlements: controls the “Create settlement” capability.","The “Create settlement” control is visible and enabled on this page; the user may perform the action.","The “Create settlement” control is hidden or disabled on this page; the action is not permitted (and is rejected if attempted directly).","Grant “Create settlement” to the target role via Users → Role Permissions (or to the user directly from the branch-admin user list), open this page as that user, and confirm the control is available. Then revoke it and confirm the control disappears / the action is blocked.","Yes","Yes"
"Finance","Settlements","Cancel settlement","Finance → Settlements (/finance/settlements)","Finance → Settlements: controls the “Cancel settlement” capability.","The “Cancel settlement” control is visible and enabled on this page; the user may perform the action.","The “Cancel settlement” control is hidden or disabled on this page; the action is not permitted (and is rejected if attempted directly).","Grant “Cancel settlement” to the target role via Users → Role Permissions (or to the user directly from the branch-admin user list), open this page as that user, and confirm the control is available. Then revoke it and confirm the control disappears / the action is blocked.","Yes","Yes"
"Finance","Settlements","Approve settlement amount","Finance → Settlements (/finance/settlements)","Finance → Settlements: controls the “Approve settlement amount” capability.","The “Approve settlement amount” control is visible and enabled on this page; the user may perform the action.","The “Approve settlement amount” control is hidden or disabled on this page; the action is not permitted (and is rejected if attempted directly).","Grant “Approve settlement amount” to the target role via Users → Role Permissions (or to the user directly from the branch-admin user list), open this page as that user, and confirm the control is available. Then revoke it and confirm the control disappears / the action is blocked.","Yes","Yes"
"Finance","Settlements","Settle amount","Finance → Settlements (/finance/settlements)","Finance → Settlements: controls the “Settle amount” capability.","The “Settle amount” control is visible and enabled on this page; the user may perform the action.","The “Settle amount” control is hidden or disabled on this page; the action is not permitted (and is rejected if attempted directly).","Grant “Settle amount” to the target role via Users → Role Permissions (or to the user directly from the branch-admin user list), open this page as that user, and confirm the control is available. Then revoke it and confirm the control disappears / the action is blocked.","Yes","Yes"
"Finance","Payments","List view only","Finance → Payments (/finance/payments)","Finance → Payments: controls the “List view only” capability.","The “List view only” control is visible and enabled on this page; the user may perform the action.","The “List view only” control is hidden or disabled on this page; the action is not permitted (and is rejected if attempted directly).","Grant “List view only” to the target role via Users → Role Permissions (or to the user directly from the branch-admin user list), open this page as that user, and confirm the control is available. Then revoke it and confirm the control disappears / the action is blocked.","","Yes"
"Finance","Payments","Edit invoice payment","Finance → Payments (/finance/payments)","Finance → Payments: controls the “Edit invoice payment” capability.","The “Edit invoice payment” control is visible and enabled on this page; the user may perform the action.","The “Edit invoice payment” control is hidden or disabled on this page; the action is not permitted (and is rejected if attempted directly).","Grant “Edit invoice payment” to the target role via Users → Role Permissions (or to the user directly from the branch-admin user list), open this page as that user, and confirm the control is available. Then revoke it and confirm the control disappears / the action is blocked.","Yes","N/A"
"Finance","Payments","Edit direct order payment","Finance → Payments (/finance/payments)","Finance → Payments: controls the “Edit direct order payment” capability.","The “Edit direct order payment” control is visible and enabled on this page; the user may perform the action.","The “Edit direct order payment” control is hidden or disabled on this page; the action is not permitted (and is rejected if attempted directly).","Grant “Edit direct order payment” to the target role via Users → Role Permissions (or to the user directly from the branch-admin user list), open this page as that user, and confirm the control is available. Then revoke it and confirm the control disappears / the action is blocked.","Yes","Yes"
"Finance","Payments","Cancel invoice payment","Finance → Payments (/finance/payments)","Finance → Payments: controls the “Cancel invoice payment” capability.","The “Cancel invoice payment” control is visible and enabled on this page; the user may perform the action.","The “Cancel invoice payment” control is hidden or disabled on this page; the action is not permitted (and is rejected if attempted directly).","Grant “Cancel invoice payment” to the target role via Users → Role Permissions (or to the user directly from the branch-admin user list), open this page as that user, and confirm the control is available. Then revoke it and confirm the control disappears / the action is blocked.","Yes","N/A"
"Finance","Payments","Cancel direct order payment","Finance → Payments (/finance/payments)","Finance → Payments: controls the “Cancel direct order payment” capability.","The “Cancel direct order payment” control is visible and enabled on this page; the user may perform the action.","The “Cancel direct order payment” control is hidden or disabled on this page; the action is not permitted (and is rejected if attempted directly).","Grant “Cancel direct order payment” to the target role via Users → Role Permissions (or to the user directly from the branch-admin user list), open this page as that user, and confirm the control is available. Then revoke it and confirm the control disappears / the action is blocked.","","Yes"
"Finance","Wallet","Wallet list view only","","Finance → Wallet: controls the ""Wallet list view only"" capability.","The ""Wallet list view only"" control is visible and enabled for the user; the action may be performed.","The ""Wallet list view only"" control is hidden or disabled; the action is not permitted, and a direct attempt is rejected server-side (403 PERMISSION_DENIED) unless the caller is a business_admin/administrator (who bypass all checks).","Grant ""Wallet list view only"" to the target role via Users → Role Permissions (or to the user directly from the branch-admin user list), act as that user, and confirm the control is available and works. Then revoke it and confirm the control disappears / the action is blocked.","",""
"Finance","Wallet","Add wallet","","Finance → Wallet: controls the ""Add wallet"" capability.","The ""Add wallet"" control is visible and enabled for the user; the action may be performed.","The ""Add wallet"" control is hidden or disabled; the action is not permitted, and a direct attempt is rejected server-side (403 PERMISSION_DENIED) unless the caller is a business_admin/administrator (who bypass all checks).","Grant ""Add wallet"" to the target role via Users → Role Permissions (or to the user directly from the branch-admin user list), act as that user, and confirm the control is available and works. Then revoke it and confirm the control disappears / the action is blocked.","",""
"Finance","Wallet","Adjust wallet","","Finance → Wallet: controls the ""Adjust wallet"" capability.","The ""Adjust wallet"" control is visible and enabled for the user; the action may be performed.","The ""Adjust wallet"" control is hidden or disabled; the action is not permitted, and a direct attempt is rejected server-side (403 PERMISSION_DENIED) unless the caller is a business_admin/administrator (who bypass all checks).","Grant ""Adjust wallet"" to the target role via Users → Role Permissions (or to the user directly from the branch-admin user list), act as that user, and confirm the control is available and works. Then revoke it and confirm the control disappears / the action is blocked.","",""
"Finance","Privilege Card","Privilege cards list view only","","Finance → Privilege Card: controls the ""Privilege cards list view only"" capability.","The ""Privilege cards list view only"" control is visible and enabled for the user; the action may be performed.","The ""Privilege cards list view only"" control is hidden or disabled; the action is not permitted, and a direct attempt is rejected server-side (403 PERMISSION_DENIED) unless the caller is a business_admin/administrator (who bypass all checks).","Grant ""Privilege cards list view only"" to the target role via Users → Role Permissions (or to the user directly from the branch-admin user list), act as that user, and confirm the control is available and works. Then revoke it and confirm the control disappears / the action is blocked.","",""
"Finance","Privilege Card","Add privilege cards","","Finance → Privilege Card: controls the ""Add privilege cards"" capability.","The ""Add privilege cards"" control is visible and enabled for the user; the action may be performed.","The ""Add privilege cards"" control is hidden or disabled; the action is not permitted, and a direct attempt is rejected server-side (403 PERMISSION_DENIED) unless the caller is a business_admin/administrator (who bypass all checks).","Grant ""Add privilege cards"" to the target role via Users → Role Permissions (or to the user directly from the branch-admin user list), act as that user, and confirm the control is available and works. Then revoke it and confirm the control disappears / the action is blocked.","",""
"Finance","Loyalty Points","Loyalty points list view only","","Finance → Loyalty Points: controls the ""Loyalty points list view only"" capability.","The ""Loyalty points list view only"" control is visible and enabled for the user; the action may be performed.","The ""Loyalty points list view only"" control is hidden or disabled; the action is not permitted, and a direct attempt is rejected server-side (403 PERMISSION_DENIED) unless the caller is a business_admin/administrator (who bypass all checks).","Grant ""Loyalty points list view only"" to the target role via Users → Role Permissions (or to the user directly from the branch-admin user list), act as that user, and confirm the control is available and works. Then revoke it and confirm the control disappears / the action is blocked.","",""
"Finance","Financial Settings","View only wallet settings","","Finance → Financial Settings: controls the ""View only wallet settings"" capability.","The ""View only wallet settings"" control is visible and enabled for the user; the action may be performed.","The ""View only wallet settings"" control is hidden or disabled; the action is not permitted, and a direct attempt is rejected server-side (403 PERMISSION_DENIED) unless the caller is a business_admin/administrator (who bypass all checks).","Grant ""View only wallet settings"" to the target role via Users → Role Permissions (or to the user directly from the branch-admin user list), act as that user, and confirm the control is available and works. Then revoke it and confirm the control disappears / the action is blocked.","",""
"Finance","Financial Settings","Update wallet settings","","Finance → Financial Settings: controls the ""Update wallet settings"" capability.","The ""Update wallet settings"" control is visible and enabled for the user; the action may be performed.","The ""Update wallet settings"" control is hidden or disabled; the action is not permitted, and a direct attempt is rejected server-side (403 PERMISSION_DENIED) unless the caller is a business_admin/administrator (who bypass all checks).","Grant ""Update wallet settings"" to the target role via Users → Role Permissions (or to the user directly from the branch-admin user list), act as that user, and confirm the control is available and works. Then revoke it and confirm the control disappears / the action is blocked.","",""
"Finance","Financial Settings","View only privilege card settings","","Finance → Financial Settings: controls the ""View only privilege card settings"" capability.","The ""View only privilege card settings"" control is visible and enabled for the user; the action may be performed.","The ""View only privilege card settings"" control is hidden or disabled; the action is not permitted, and a direct attempt is rejected server-side (403 PERMISSION_DENIED) unless the caller is a business_admin/administrator (who bypass all checks).","Grant ""View only privilege card settings"" to the target role via Users → Role Permissions (or to the user directly from the branch-admin user list), act as that user, and confirm the control is available and works. Then revoke it and confirm the control disappears / the action is blocked.","",""
"Finance","Financial Settings","Update privilege card settings","","Finance → Financial Settings: controls the ""Update privilege card settings"" capability.","The ""Update privilege card settings"" control is visible and enabled for the user; the action may be performed.","The ""Update privilege card settings"" control is hidden or disabled; the action is not permitted, and a direct attempt is rejected server-side (403 PERMISSION_DENIED) unless the caller is a business_admin/administrator (who bypass all checks).","Grant ""Update privilege card settings"" to the target role via Users → Role Permissions (or to the user directly from the branch-admin user list), act as that user, and confirm the control is available and works. Then revoke it and confirm the control disappears / the action is blocked.","",""
"Finance","Financial Settings","View only loyalty point settings","","Finance → Financial Settings: controls the ""View only loyalty point settings"" capability.","The ""View only loyalty point settings"" control is visible and enabled for the user; the action may be performed.","The ""View only loyalty point settings"" control is hidden or disabled; the action is not permitted, and a direct attempt is rejected server-side (403 PERMISSION_DENIED) unless the caller is a business_admin/administrator (who bypass all checks).","Grant ""View only loyalty point settings"" to the target role via Users → Role Permissions (or to the user directly from the branch-admin user list), act as that user, and confirm the control is available and works. Then revoke it and confirm the control disappears / the action is blocked.","",""
"Finance","Financial Settings","Update loyalty point settings","","Finance → Financial Settings: controls the ""Update loyalty point settings"" capability.","The ""Update loyalty point settings"" control is visible and enabled for the user; the action may be performed.","The ""Update loyalty point settings"" control is hidden or disabled; the action is not permitted, and a direct attempt is rejected server-side (403 PERMISSION_DENIED) unless the caller is a business_admin/administrator (who bypass all checks).","Grant ""Update loyalty point settings"" to the target role via Users → Role Permissions (or to the user directly from the branch-admin user list), act as that user, and confirm the control is available and works. Then revoke it and confirm the control disappears / the action is blocked.","",""
"Finance","Financial Settings","View only invoice settings","Finance → Settings (/finance/settings)","Finance → Financial Settings: controls the “View only invoice settings” capability.","The “View only invoice settings” control is visible and enabled on this page; the user may perform the action.","The “View only invoice settings” control is hidden or disabled on this page; the action is not permitted (and is rejected if attempted directly).","Grant “View only invoice settings” to the target role via Users → Role Permissions (or to the user directly from the branch-admin user list), open this page as that user, and confirm the control is available. Then revoke it and confirm the control disappears / the action is blocked.","","Yes"
"Finance","Financial Settings","Update invoice settings","Finance → Settings (/finance/settings)","Finance → Financial Settings: controls the “Update invoice settings” capability.","The “Update invoice settings” control is visible and enabled on this page; the user may perform the action.","The “Update invoice settings” control is hidden or disabled on this page; the action is not permitted (and is rejected if attempted directly).","Grant “Update invoice settings” to the target role via Users → Role Permissions (or to the user directly from the branch-admin user list), open this page as that user, and confirm the control is available. Then revoke it and confirm the control disappears / the action is blocked.","","Yes"
"Finance","Financial Settings","View only TDS settings","Finance → Settings (/finance/settings)","Finance → Financial Settings: controls the “View only TDS settings” capability.","The “View only TDS settings” control is visible and enabled on this page; the user may perform the action.","The “View only TDS settings” control is hidden or disabled on this page; the action is not permitted (and is rejected if attempted directly).","Grant “View only TDS settings” to the target role via Users → Role Permissions (or to the user directly from the branch-admin user list), open this page as that user, and confirm the control is available. Then revoke it and confirm the control disappears / the action is blocked.","",""
"Finance","Financial Settings","Update TDS settings","Finance → Settings (/finance/settings)","Finance → Financial Settings: controls the “Update TDS settings” capability.","The “Update TDS settings” control is visible and enabled on this page; the user may perform the action.","The “Update TDS settings” control is hidden or disabled on this page; the action is not permitted (and is rejected if attempted directly).","Grant “Update TDS settings” to the target role via Users → Role Permissions (or to the user directly from the branch-admin user list), open this page as that user, and confirm the control is available. Then revoke it and confirm the control disappears / the action is blocked.","",""
"Finance","Financial Settings","View only settlement settings","Finance → Settings (/finance/settings)","Finance → Financial Settings: controls the “View only settlement settings” capability.","The “View only settlement settings” control is visible and enabled on this page; the user may perform the action.","The “View only settlement settings” control is hidden or disabled on this page; the action is not permitted (and is rejected if attempted directly).","Grant “View only settlement settings” to the target role via Users → Role Permissions (or to the user directly from the branch-admin user list), open this page as that user, and confirm the control is available. Then revoke it and confirm the control disappears / the action is blocked.","",""
"Finance","Financial Settings","Update settlement settings","Finance → Settings (/finance/settings)","Finance → Financial Settings: controls the “Update settlement settings” capability.","The “Update settlement settings” control is visible and enabled on this page; the user may perform the action.","The “Update settlement settings” control is hidden or disabled on this page; the action is not permitted (and is rejected if attempted directly).","Grant “Update settlement settings” to the target role via Users → Role Permissions (or to the user directly from the branch-admin user list), open this page as that user, and confirm the control is available. Then revoke it and confirm the control disappears / the action is blocked.","",""
"Finance","Incident Management","Create incident report","","Finance → Incident Management: controls the ""Create incident report"" capability.","The ""Create incident report"" control is visible and enabled for the user; the action may be performed.","The ""Create incident report"" control is hidden or disabled; the action is not permitted, and a direct attempt is rejected server-side (403 PERMISSION_DENIED) unless the caller is a business_admin/administrator (who bypass all checks).","Grant ""Create incident report"" to the target role via Users → Role Permissions (or to the user directly from the branch-admin user list), act as that user, and confirm the control is available and works. Then revoke it and confirm the control disappears / the action is blocked.","",""
"Finance","Incident Management","Update incident report","","Finance → Incident Management: controls the ""Update incident report"" capability.","The ""Update incident report"" control is visible and enabled for the user; the action may be performed.","The ""Update incident report"" control is hidden or disabled; the action is not permitted, and a direct attempt is rejected server-side (403 PERMISSION_DENIED) unless the caller is a business_admin/administrator (who bypass all checks).","Grant ""Update incident report"" to the target role via Users → Role Permissions (or to the user directly from the branch-admin user list), act as that user, and confirm the control is available and works. Then revoke it and confirm the control disappears / the action is blocked.","",""
"Finance","Incident Management","Reassign to other user","","Finance → Incident Management: controls the ""Reassign to other user"" capability.","The ""Reassign to other user"" control is visible and enabled for the user; the action may be performed.","The ""Reassign to other user"" control is hidden or disabled; the action is not permitted, and a direct attempt is rejected server-side (403 PERMISSION_DENIED) unless the caller is a business_admin/administrator (who bypass all checks).","Grant ""Reassign to other user"" to the target role via Users → Role Permissions (or to the user directly from the branch-admin user list), act as that user, and confirm the control is available and works. Then revoke it and confirm the control disappears / the action is blocked.","",""
"Finance","Incident Management","Delete incident report","","Finance → Incident Management: controls the ""Delete incident report"" capability.","The ""Delete incident report"" control is visible and enabled for the user; the action may be performed.","The ""Delete incident report"" control is hidden or disabled; the action is not permitted, and a direct attempt is rejected server-side (403 PERMISSION_DENIED) unless the caller is a business_admin/administrator (who bypass all checks).","Grant ""Delete incident report"" to the target role via Users → Role Permissions (or to the user directly from the branch-admin user list), act as that user, and confirm the control is available and works. Then revoke it and confirm the control disappears / the action is blocked.","",""
"Finance","Incident Management","Update the status","","Finance → Incident Management: controls the ""Update the status"" capability.","The ""Update the status"" control is visible and enabled for the user; the action may be performed.","The ""Update the status"" control is hidden or disabled; the action is not permitted, and a direct attempt is rejected server-side (403 PERMISSION_DENIED) unless the caller is a business_admin/administrator (who bypass all checks).","Grant ""Update the status"" to the target role via Users → Role Permissions (or to the user directly from the branch-admin user list), act as that user, and confirm the control is available and works. Then revoke it and confirm the control disappears / the action is blocked.","",""
"Finance","Incident Management","Close the incident","","Finance → Incident Management: controls the ""Close the incident"" capability.","The ""Close the incident"" control is visible and enabled for the user; the action may be performed.","The ""Close the incident"" control is hidden or disabled; the action is not permitted, and a direct attempt is rejected server-side (403 PERMISSION_DENIED) unless the caller is a business_admin/administrator (who bypass all checks).","Grant ""Close the incident"" to the target role via Users → Role Permissions (or to the user directly from the branch-admin user list), act as that user, and confirm the control is available and works. Then revoke it and confirm the control disappears / the action is blocked.","",""
